source hex,source int,source,source len,source bytes,destination hex,destination int,destination,destination len,destination bytes,diff,diff bytes
0041,65,A,1,65,0061,97,a,1,97,32,32
0042,66,B,1,66,0062,98,b,1,98,32,32
0043,67,C,1,67,0063,99,c,1,99,32,32
0044,68,D,1,68,0064,100,d,1,100,32,32
0045,69,E,1,69,0065,101,e,1,101,32,32
0046,70,F,1,70,0066,102,f,1,102,32,32
0047,71,G,1,71,0067,103,g,1,103,32,32
0048,72,H,1,72,0068,104,h,1,104,32,32
0049,73,I,1,73,0069,105,i,1,105,32,32
004A,74,J,1,74,006A,106,j,1,106,32,32
004B,75,K,1,75,006B,107,k,1,107,32,32
004C,76,L,1,76,006C,108,l,1,108,32,32
004D,77,M,1,77,006D,109,m,1,109,32,32
004E,78,N,1,78,006E,110,n,1,110,32,32
004F,79,O,1,79,006F,111,o,1,111,32,32
0050,80,P,1,80,0070,112,p,1,112,32,32
0051,81,Q,1,81,0071,113,q,1,113,32,32
0052,82,R,1,82,0072,114,r,1,114,32,32
0053,83,S,1,83,0073,115,s,1,115,32,32
0054,84,T,1,84,0074,116,t,1,116,32,32
0055,85,U,1,85,0075,117,u,1,117,32,32
0056,86,V,1,86,0076,118,v,1,118,32,32
0057,87,W,1,87,0077,119,w,1,119,32,32
0058,88,X,1,88,0078,120,x,1,120,32,32
0059,89,Y,1,89,0079,121,y,1,121,32,32
005A,90,Z,1,90,007A,122,z,1,122,32,32
00C0,192,À,2,195 128,00E0,224,à,2,195 160,32,0 32
00C1,193,Á,2,195 129,00E1,225,á,2,195 161,32,0 32
00C2,194,Â,2,195 130,00E2,226,â,2,195 162,32,0 32
00C3,195,Ã,2,195 131,00E3,227,ã,2,195 163,32,0 32
00C4,196,Ä,2,195 132,00E4,228,ä,2,195 164,32,0 32
00C5,197,Å,2,195 133,00E5,229,å,2,195 165,32,0 32
00C6,198,Æ,2,195 134,00E6,230,æ,2,195 166,32,0 32
00C7,199,Ç,2,195 135,00E7,231,ç,2,195 167,32,0 32
00C8,200,È,2,195 136,00E8,232,è,2,195 168,32,0 32
00C9,201,É,2,195 137,00E9,233,é,2,195 169,32,0 32
00CA,202,Ê,2,195 138,00EA,234,ê,2,195 170,32,0 32
00CB,203,Ë,2,195 139,00EB,235,ë,2,195 171,32,0 32
00CC,204,Ì,2,195 140,00EC,236,ì,2,195 172,32,0 32
00CD,205,Í,2,195 141,00ED,237,í,2,195 173,32,0 32
00CE,206,Î,2,195 142,00EE,238,î,2,195 174,32,0 32
00CF,207,Ï,2,195 143,00EF,239,ï,2,195 175,32,0 32
00D0,208,Ð,2,195 144,00F0,240,ð,2,195 176,32,0 32
00D1,209,Ñ,2,195 145,00F1,241,ñ,2,195 177,32,0 32
00D2,210,Ò,2,195 146,00F2,242,ò,2,195 178,32,0 32
00D3,211,Ó,2,195 147,00F3,243,ó,2,195 179,32,0 32
00D4,212,Ô,2,195 148,00F4,244,ô,2,195 180,32,0 32
00D5,213,Õ,2,195 149,00F5,245,õ,2,195 181,32,0 32
00D6,214,Ö,2,195 150,00F6,246,ö,2,195 182,32,0 32
00D8,216,Ø,2,195 152,00F8,248,ø,2,195 184,32,0 32
00D9,217,Ù,2,195 153,00F9,249,ù,2,195 185,32,0 32
00DA,218,Ú,2,195 154,00FA,250,ú,2,195 186,32,0 32
00DB,219,Û,2,195 155,00FB,251,û,2,195 187,32,0 32
00DC,220,Ü,2,195 156,00FC,252,ü,2,195 188,32,0 32
00DD,221,Ý,2,195 157,00FD,253,ý,2,195 189,32,0 32
00DE,222,Þ,2,195 158,00FE,254,þ,2,195 190,32,0 32
0100,256,Ā,2,196 128,0101,257,ā,2,196 129,1,0 1
0102,258,Ă,2,196 130,0103,259,ă,2,196 131,1,0 1
0104,260,Ą,2,196 132,0105,261,ą,2,196 133,1,0 1
0106,262,Ć,2,196 134,0107,263,ć,2,196 135,1,0 1
0108,264,Ĉ,2,196 136,0109,265,ĉ,2,196 137,1,0 1
010A,266,Ċ,2,196 138,010B,267,ċ,2,196 139,1,0 1
010C,268,Č,2,196 140,010D,269,č,2,196 141,1,0 1
010E,270,Ď,2,196 142,010F,271,ď,2,196 143,1,0 1
0110,272,Đ,2,196 144,0111,273,đ,2,196 145,1,0 1
0112,274,Ē,2,196 146,0113,275,ē,2,196 147,1,0 1
0114,276,Ĕ,2,196 148,0115,277,ĕ,2,196 149,1,0 1
0116,278,Ė,2,196 150,0117,279,ė,2,196 151,1,0 1
0118,280,Ę,2,196 152,0119,281,ę,2,196 153,1,0 1
011A,282,Ě,2,196 154,011B,283,ě,2,196 155,1,0 1
011C,284,Ĝ,2,196 156,011D,285,ĝ,2,196 157,1,0 1
011E,286,Ğ,2,196 158,011F,287,ğ,2,196 159,1,0 1
0120,288,Ġ,2,196 160,0121,289,ġ,2,196 161,1,0 1
0122,290,Ģ,2,196 162,0123,291,ģ,2,196 163,1,0 1
0124,292,Ĥ,2,196 164,0125,293,ĥ,2,196 165,1,0 1
0126,294,Ħ,2,196 166,0127,295,ħ,2,196 167,1,0 1
0128,296,Ĩ,2,196 168,0129,297,ĩ,2,196 169,1,0 1
012A,298,Ī,2,196 170,012B,299,ī,2,196 171,1,0 1
012C,300,Ĭ,2,196 172,012D,301,ĭ,2,196 173,1,0 1
012E,302,Į,2,196 174,012F,303,į,2,196 175,1,0 1
0130,304,İ,2,196 176,0069,105,i,1,105,-199,-91 -176
0132,306,Ĳ,2,196 178,0133,307,ĳ,2,196 179,1,0 1
0134,308,Ĵ,2,196 180,0135,309,ĵ,2,196 181,1,0 1
0136,310,Ķ,2,196 182,0137,311,ķ,2,196 183,1,0 1
0139,313,Ĺ,2,196 185,013A,314,ĺ,2,196 186,1,0 1
013B,315,Ļ,2,196 187,013C,316,ļ,2,196 188,1,0 1
013D,317,Ľ,2,196 189,013E,318,ľ,2,196 190,1,0 1
013F,319,Ŀ,2,196 191,0140,320,ŀ,2,197 128,1,1 -63
0141,321,Ł,2,197 129,0142,322,ł,2,197 130,1,0 1
0143,323,Ń,2,197 131,0144,324,ń,2,197 132,1,0 1
0145,325,Ņ,2,197 133,0146,326,ņ,2,197 134,1,0 1
0147,327,Ň,2,197 135,0148,328,ň,2,197 136,1,0 1
014A,330,Ŋ,2,197 138,014B,331,ŋ,2,197 139,1,0 1
014C,332,Ō,2,197 140,014D,333,ō,2,197 141,1,0 1
014E,334,Ŏ,2,197 142,014F,335,ŏ,2,197 143,1,0 1
0150,336,Ő,2,197 144,0151,337,ő,2,197 145,1,0 1
0152,338,Œ,2,197 146,0153,339,œ,2,197 147,1,0 1
0154,340,Ŕ,2,197 148,0155,341,ŕ,2,197 149,1,0 1
0156,342,Ŗ,2,197 150,0157,343,ŗ,2,197 151,1,0 1
0158,344,Ř,2,197 152,0159,345,ř,2,197 153,1,0 1
015A,346,Ś,2,197 154,015B,347,ś,2,197 155,1,0 1
015C,348,Ŝ,2,197 156,015D,349,ŝ,2,197 157,1,0 1
015E,350,Ş,2,197 158,015F,351,ş,2,197 159,1,0 1
0160,352,Š,2,197 160,0161,353,š,2,197 161,1,0 1
0162,354,Ţ,2,197 162,0163,355,ţ,2,197 163,1,0 1
0164,356,Ť,2,197 164,0165,357,ť,2,197 165,1,0 1
0166,358,Ŧ,2,197 166,0167,359,ŧ,2,197 167,1,0 1
0168,360,Ũ,2,197 168,0169,361,ũ,2,197 169,1,0 1
016A,362,Ū,2,197 170,016B,363,ū,2,197 171,1,0 1
016C,364,Ŭ,2,197 172,016D,365,ŭ,2,197 173,1,0 1
016E,366,Ů,2,197 174,016F,367,ů,2,197 175,1,0 1
0170,368,Ű,2,197 176,0171,369,ű,2,197 177,1,0 1
0172,370,Ų,2,197 178,0173,371,ų,2,197 179,1,0 1
0174,372,Ŵ,2,197 180,0175,373,ŵ,2,197 181,1,0 1
0176,374,Ŷ,2,197 182,0177,375,ŷ,2,197 183,1,0 1
0178,376,Ÿ,2,197 184,00FF,255,ÿ,2,195 191,-121,-2 7
0179,377,Ź,2,197 185,017A,378,ź,2,197 186,1,0 1
017B,379,Ż,2,197 187,017C,380,ż,2,197 188,1,0 1
017D,381,Ž,2,197 189,017E,382,ž,2,197 190,1,0 1
0181,385,Ɓ,2,198 129,0253,595,ɓ,2,201 147,210,3 18
0182,386,Ƃ,2,198 130,0183,387,ƃ,2,198 131,1,0 1
0184,388,Ƅ,2,198 132,0185,389,ƅ,2,198 133,1,0 1
0186,390,Ɔ,2,198 134,0254,596,ɔ,2,201 148,206,3 14
0187,391,Ƈ,2,198 135,0188,392,ƈ,2,198 136,1,0 1
0189,393,Ɖ,2,198 137,0256,598,ɖ,2,201 150,205,3 13
018A,394,Ɗ,2,198 138,0257,599,ɗ,2,201 151,205,3 13
018B,395,Ƌ,2,198 139,018C,396,ƌ,2,198 140,1,0 1
018E,398,Ǝ,2,198 142,01DD,477,ǝ,2,199 157,79,1 15
018F,399,Ə,2,198 143,0259,601,ə,2,201 153,202,3 10
0190,400,Ɛ,2,198 144,025B,603,ɛ,2,201 155,203,3 11
0191,401,Ƒ,2,198 145,0192,402,ƒ,2,198 146,1,0 1
0193,403,Ɠ,2,198 147,0260,608,ɠ,2,201 160,205,3 13
0194,404,Ɣ,2,198 148,0263,611,ɣ,2,201 163,207,3 15
0196,406,Ɩ,2,198 150,0269,617,ɩ,2,201 169,211,3 19
0197,407,Ɨ,2,198 151,0268,616,ɨ,2,201 168,209,3 17
0198,408,Ƙ,2,198 152,0199,409,ƙ,2,198 153,1,0 1
019C,412,Ɯ,2,198 156,026F,623,ɯ,2,201 175,211,3 19
019D,413,Ɲ,2,198 157,0272,626,ɲ,2,201 178,213,3 21
019F,415,Ɵ,2,198 159,0275,629,ɵ,2,201 181,214,3 22
01A0,416,Ơ,2,198 160,01A1,417,ơ,2,198 161,1,0 1
01A2,418,Ƣ,2,198 162,01A3,419,ƣ,2,198 163,1,0 1
01A4,420,Ƥ,2,198 164,01A5,421,ƥ,2,198 165,1,0 1
01A6,422,Ʀ,2,198 166,0280,640,ʀ,2,202 128,218,4 -38
01A7,423,Ƨ,2,198 167,01A8,424,ƨ,2,198 168,1,0 1
01A9,425,Ʃ,2,198 169,0283,643,ʃ,2,202 131,218,4 -38
01AC,428,Ƭ,2,198 172,01AD,429,ƭ,2,198 173,1,0 1
01AE,430,Ʈ,2,198 174,0288,648,ʈ,2,202 136,218,4 -38
01AF,431,Ư,2,198 175,01B0,432,ư,2,198 176,1,0 1
01B1,433,Ʊ,2,198 177,028A,650,ʊ,2,202 138,217,4 -39
01B2,434,Ʋ,2,198 178,028B,651,ʋ,2,202 139,217,4 -39
01B3,435,Ƴ,2,198 179,01B4,436,ƴ,2,198 180,1,0 1
01B5,437,Ƶ,2,198 181,01B6,438,ƶ,2,198 182,1,0 1
01B7,439,Ʒ,2,198 183,0292,658,ʒ,2,202 146,219,4 -37
01B8,440,Ƹ,2,198 184,01B9,441,ƹ,2,198 185,1,0 1
01BC,444,Ƽ,2,198 188,01BD,445,ƽ,2,198 189,1,0 1
01C4,452,Ǆ,2,199 132,01C6,454,ǆ,2,199 134,2,0 2
01C5,453,ǅ,2,199 133,01C6,454,ǆ,2,199 134,1,0 1
01C7,455,Ǉ,2,199 135,01C9,457,ǉ,2,199 137,2,0 2
01C8,456,ǈ,2,199 136,01C9,457,ǉ,2,199 137,1,0 1
01CA,458,Ǌ,2,199 138,01CC,460,ǌ,2,199 140,2,0 2
01CB,459,ǋ,2,199 139,01CC,460,ǌ,2,199 140,1,0 1
01CD,461,Ǎ,2,199 141,01CE,462,ǎ,2,199 142,1,0 1
01CF,463,Ǐ,2,199 143,01D0,464,ǐ,2,199 144,1,0 1
01D1,465,Ǒ,2,199 145,01D2,466,ǒ,2,199 146,1,0 1
01D3,467,Ǔ,2,199 147,01D4,468,ǔ,2,199 148,1,0 1
01D5,469,Ǖ,2,199 149,01D6,470,ǖ,2,199 150,1,0 1
01D7,471,Ǘ,2,199 151,01D8,472,ǘ,2,199 152,1,0 1
01D9,473,Ǚ,2,199 153,01DA,474,ǚ,2,199 154,1,0 1
01DB,475,Ǜ,2,199 155,01DC,476,ǜ,2,199 156,1,0 1
01DE,478,Ǟ,2,199 158,01DF,479,ǟ,2,199 159,1,0 1
01E0,480,Ǡ,2,199 160,01E1,481,ǡ,2,199 161,1,0 1
01E2,482,Ǣ,2,199 162,01E3,483,ǣ,2,199 163,1,0 1
01E4,484,Ǥ,2,199 164,01E5,485,ǥ,2,199 165,1,0 1
01E6,486,Ǧ,2,199 166,01E7,487,ǧ,2,199 167,1,0 1
01E8,488,Ǩ,2,199 168,01E9,489,ǩ,2,199 169,1,0 1
01EA,490,Ǫ,2,199 170,01EB,491,ǫ,2,199 171,1,0 1
01EC,492,Ǭ,2,199 172,01ED,493,ǭ,2,199 173,1,0 1
01EE,494,Ǯ,2,199 174,01EF,495,ǯ,2,199 175,1,0 1
01F1,497,Ǳ,2,199 177,01F3,499,ǳ,2,199 179,2,0 2
01F2,498,ǲ,2,199 178,01F3,499,ǳ,2,199 179,1,0 1
01F4,500,Ǵ,2,199 180,01F5,501,ǵ,2,199 181,1,0 1
01F6,502,Ƕ,2,199 182,0195,405,ƕ,2,198 149,-97,-1 -33
01F7,503,Ƿ,2,199 183,01BF,447,ƿ,2,198 191,-56,-1 8
01F8,504,Ǹ,2,199 184,01F9,505,ǹ,2,199 185,1,0 1
01FA,506,Ǻ,2,199 186,01FB,507,ǻ,2,199 187,1,0 1
01FC,508,Ǽ,2,199 188,01FD,509,ǽ,2,199 189,1,0 1
01FE,510,Ǿ,2,199 190,01FF,511,ǿ,2,199 191,1,0 1
0200,512,Ȁ,2,200 128,0201,513,ȁ,2,200 129,1,0 1
0202,514,Ȃ,2,200 130,0203,515,ȃ,2,200 131,1,0 1
0204,516,Ȅ,2,200 132,0205,517,ȅ,2,200 133,1,0 1
0206,518,Ȇ,2,200 134,0207,519,ȇ,2,200 135,1,0 1
0208,520,Ȉ,2,200 136,0209,521,ȉ,2,200 137,1,0 1
020A,522,Ȋ,2,200 138,020B,523,ȋ,2,200 139,1,0 1
020C,524,Ȍ,2,200 140,020D,525,ȍ,2,200 141,1,0 1
020E,526,Ȏ,2,200 142,020F,527,ȏ,2,200 143,1,0 1
0210,528,Ȑ,2,200 144,0211,529,ȑ,2,200 145,1,0 1
0212,530,Ȓ,2,200 146,0213,531,ȓ,2,200 147,1,0 1
0214,532,Ȕ,2,200 148,0215,533,ȕ,2,200 149,1,0 1
0216,534,Ȗ,2,200 150,0217,535,ȗ,2,200 151,1,0 1
0218,536,Ș,2,200 152,0219,537,ș,2,200 153,1,0 1
021A,538,Ț,2,200 154,021B,539,ț,2,200 155,1,0 1
021C,540,Ȝ,2,200 156,021D,541,ȝ,2,200 157,1,0 1
021E,542,Ȟ,2,200 158,021F,543,ȟ,2,200 159,1,0 1
0220,544,Ƞ,2,200 160,019E,414,ƞ,2,198 158,-130,-2 -2
0222,546,Ȣ,2,200 162,0223,547,ȣ,2,200 163,1,0 1
0224,548,Ȥ,2,200 164,0225,549,ȥ,2,200 165,1,0 1
0226,550,Ȧ,2,200 166,0227,551,ȧ,2,200 167,1,0 1
0228,552,Ȩ,2,200 168,0229,553,ȩ,2,200 169,1,0 1
022A,554,Ȫ,2,200 170,022B,555,ȫ,2,200 171,1,0 1
022C,556,Ȭ,2,200 172,022D,557,ȭ,2,200 173,1,0 1
022E,558,Ȯ,2,200 174,022F,559,ȯ,2,200 175,1,0 1
0230,560,Ȱ,2,200 176,0231,561,ȱ,2,200 177,1,0 1
0232,562,Ȳ,2,200 178,0233,563,ȳ,2,200 179,1,0 1
023A,570,Ⱥ,2,200 186,2C65,11365,ⱥ,3,226 177 165,10795,26 -9
023B,571,Ȼ,2,200 187,023C,572,ȼ,2,200 188,1,0 1
023D,573,Ƚ,2,200 189,019A,410,ƚ,2,198 154,-163,-2 -35
023E,574,Ⱦ,2,200 190,2C66,11366,ⱦ,3,226 177 166,10792,26 -13
0241,577,Ɂ,2,201 129,0242,578,ɂ,2,201 130,1,0 1
0243,579,Ƀ,2,201 131,0180,384,ƀ,2,198 128,-195,-3 -3
0244,580,Ʉ,2,201 132,0289,649,ʉ,2,202 137,69,1 5
0245,581,Ʌ,2,201 133,028C,652,ʌ,2,202 140,71,1 7
0246,582,Ɇ,2,201 134,0247,583,ɇ,2,201 135,1,0 1
0248,584,Ɉ,2,201 136,0249,585,ɉ,2,201 137,1,0 1
024A,586,Ɋ,2,201 138,024B,587,ɋ,2,201 139,1,0 1
024C,588,Ɍ,2,201 140,024D,589,ɍ,2,201 141,1,0 1
024E,590,Ɏ,2,201 142,024F,591,ɏ,2,201 143,1,0 1
0370,880,Ͱ,2,205 176,0371,881,ͱ,2,205 177,1,0 1
0372,882,Ͳ,2,205 178,0373,883,ͳ,2,205 179,1,0 1
0376,886,Ͷ,2,205 182,0377,887,ͷ,2,205 183,1,0 1
037F,895,Ϳ,2,205 191,03F3,1011,ϳ,2,207 179,116,2 -12
0386,902,Ά,2,206 134,03AC,940,ά,2,206 172,38,0 38
0388,904,Έ,2,206 136,03AD,941,έ,2,206 173,37,0 37
0389,905,Ή,2,206 137,03AE,942,ή,2,206 174,37,0 37
038A,906,Ί,2,206 138,03AF,943,ί,2,206 175,37,0 37
038C,908,Ό,2,206 140,03CC,972,ό,2,207 140,64,1 0
038E,910,Ύ,2,206 142,03CD,973,ύ,2,207 141,63,1 -1
038F,911,Ώ,2,206 143,03CE,974,ώ,2,207 142,63,1 -1
0391,913,Α,2,206 145,03B1,945,α,2,206 177,32,0 32
0392,914,Β,2,206 146,03B2,946,β,2,206 178,32,0 32
0393,915,Γ,2,206 147,03B3,947,γ,2,206 179,32,0 32
0394,916,Δ,2,206 148,03B4,948,δ,2,206 180,32,0 32
0395,917,Ε,2,206 149,03B5,949,ε,2,206 181,32,0 32
0396,918,Ζ,2,206 150,03B6,950,ζ,2,206 182,32,0 32
0397,919,Η,2,206 151,03B7,951,η,2,206 183,32,0 32
0398,920,Θ,2,206 152,03B8,952,θ,2,206 184,32,0 32
0399,921,Ι,2,206 153,03B9,953,ι,2,206 185,32,0 32
039A,922,Κ,2,206 154,03BA,954,κ,2,206 186,32,0 32
039B,923,Λ,2,206 155,03BB,955,λ,2,206 187,32,0 32
039C,924,Μ,2,206 156,03BC,956,μ,2,206 188,32,0 32
039D,925,Ν,2,206 157,03BD,957,ν,2,206 189,32,0 32
039E,926,Ξ,2,206 158,03BE,958,ξ,2,206 190,32,0 32
039F,927,Ο,2,206 159,03BF,959,ο,2,206 191,32,0 32
03A0,928,Π,2,206 160,03C0,960,π,2,207 128,32,1 -32
03A1,929,Ρ,2,206 161,03C1,961,ρ,2,207 129,32,1 -32
03A3,931,Σ,2,206 163,03C3,963,σ,2,207 131,32,1 -32
03A4,932,Τ,2,206 164,03C4,964,τ,2,207 132,32,1 -32
03A5,933,Υ,2,206 165,03C5,965,υ,2,207 133,32,1 -32
03A6,934,Φ,2,206 166,03C6,966,φ,2,207 134,32,1 -32
03A7,935,Χ,2,206 167,03C7,967,χ,2,207 135,32,1 -32
03A8,936,Ψ,2,206 168,03C8,968,ψ,2,207 136,32,1 -32
03A9,937,Ω,2,206 169,03C9,969,ω,2,207 137,32,1 -32
03AA,938,Ϊ,2,206 170,03CA,970,ϊ,2,207 138,32,1 -32
03AB,939,Ϋ,2,206 171,03CB,971,ϋ,2,207 139,32,1 -32
03CF,975,Ϗ,2,207 143,03D7,983,ϗ,2,207 151,8,0 8
03D8,984,Ϙ,2,207 152,03D9,985,ϙ,2,207 153,1,0 1
03DA,986,Ϛ,2,207 154,03DB,987,ϛ,2,207 155,1,0 1
03DC,988,Ϝ,2,207 156,03DD,989,ϝ,2,207 157,1,0 1
03DE,990,Ϟ,2,207 158,03DF,991,ϟ,2,207 159,1,0 1
03E0,992,Ϡ,2,207 160,03E1,993,ϡ,2,207 161,1,0 1
03E2,994,Ϣ,2,207 162,03E3,995,ϣ,2,207 163,1,0 1
03E4,996,Ϥ,2,207 164,03E5,997,ϥ,2,207 165,1,0 1
03E6,998,Ϧ,2,207 166,03E7,999,ϧ,2,207 167,1,0 1
03E8,1000,Ϩ,2,207 168,03E9,1001,ϩ,2,207 169,1,0 1
03EA,1002,Ϫ,2,207 170,03EB,1003,ϫ,2,207 171,1,0 1
03EC,1004,Ϭ,2,207 172,03ED,1005,ϭ,2,207 173,1,0 1
03EE,1006,Ϯ,2,207 174,03EF,1007,ϯ,2,207 175,1,0 1
03F4,1012,ϴ,2,207 180,03B8,952,θ,2,206 184,-60,-1 4
03F7,1015,Ϸ,2,207 183,03F8,1016,ϸ,2,207 184,1,0 1
03F9,1017,Ϲ,2,207 185,03F2,1010,ϲ,2,207 178,-7,0 -7
03FA,1018,Ϻ,2,207 186,03FB,1019,ϻ,2,207 187,1,0 1
03FD,1021,Ͻ,2,207 189,037B,891,ͻ,2,205 187,-130,-2 -2
03FE,1022,Ͼ,2,207 190,037C,892,ͼ,2,205 188,-130,-2 -2
03FF,1023,Ͽ,2,207 191,037D,893,ͽ,2,205 189,-130,-2 -2
0400,1024,Ѐ,2,208 128,0450,1104,ѐ,2,209 144,80,1 16
0401,1025,Ё,2,208 129,0451,1105,ё,2,209 145,80,1 16
0402,1026,Ђ,2,208 130,0452,1106,ђ,2,209 146,80,1 16
0403,1027,Ѓ,2,208 131,0453,1107,ѓ,2,209 147,80,1 16
0404,1028,Є,2,208 132,0454,1108,є,2,209 148,80,1 16
0405,1029,Ѕ,2,208 133,0455,1109,ѕ,2,209 149,80,1 16
0406,1030,І,2,208 134,0456,1110,і,2,209 150,80,1 16
0407,1031,Ї,2,208 135,0457,1111,ї,2,209 151,80,1 16
0408,1032,Ј,2,208 136,0458,1112,ј,2,209 152,80,1 16
0409,1033,Љ,2,208 137,0459,1113,љ,2,209 153,80,1 16
040A,1034,Њ,2,208 138,045A,1114,њ,2,209 154,80,1 16
040B,1035,Ћ,2,208 139,045B,1115,ћ,2,209 155,80,1 16
040C,1036,Ќ,2,208 140,045C,1116,ќ,2,209 156,80,1 16
040D,1037,Ѝ,2,208 141,045D,1117,ѝ,2,209 157,80,1 16
040E,1038,Ў,2,208 142,045E,1118,ў,2,209 158,80,1 16
040F,1039,Џ,2,208 143,045F,1119,џ,2,209 159,80,1 16
0410,1040,А,2,208 144,0430,1072,а,2,208 176,32,0 32
0411,1041,Б,2,208 145,0431,1073,б,2,208 177,32,0 32
0412,1042,В,2,208 146,0432,1074,в,2,208 178,32,0 32
0413,1043,Г,2,208 147,0433,1075,г,2,208 179,32,0 32
0414,1044,Д,2,208 148,0434,1076,д,2,208 180,32,0 32
0415,1045,Е,2,208 149,0435,1077,е,2,208 181,32,0 32
0416,1046,Ж,2,208 150,0436,1078,ж,2,208 182,32,0 32
0417,1047,З,2,208 151,0437,1079,з,2,208 183,32,0 32
0418,1048,И,2,208 152,0438,1080,и,2,208 184,32,0 32
0419,1049,Й,2,208 153,0439,1081,й,2,208 185,32,0 32
041A,1050,К,2,208 154,043A,1082,к,2,208 186,32,0 32
041B,1051,Л,2,208 155,043B,1083,л,2,208 187,32,0 32
041C,1052,М,2,208 156,043C,1084,м,2,208 188,32,0 32
041D,1053,Н,2,208 157,043D,1085,н,2,208 189,32,0 32
041E,1054,О,2,208 158,043E,1086,о,2,208 190,32,0 32
041F,1055,П,2,208 159,043F,1087,п,2,208 191,32,0 32
0420,1056,Р,2,208 160,0440,1088,р,2,209 128,32,1 -32
0421,1057,С,2,208 161,0441,1089,с,2,209 129,32,1 -32
0422,1058,Т,2,208 162,0442,1090,т,2,209 130,32,1 -32
0423,1059,У,2,208 163,0443,1091,у,2,209 131,32,1 -32
0424,1060,Ф,2,208 164,0444,1092,ф,2,209 132,32,1 -32
0425,1061,Х,2,208 165,0445,1093,х,2,209 133,32,1 -32
0426,1062,Ц,2,208 166,0446,1094,ц,2,209 134,32,1 -32
0427,1063,Ч,2,208 167,0447,1095,ч,2,209 135,32,1 -32
0428,1064,Ш,2,208 168,0448,1096,ш,2,209 136,32,1 -32
0429,1065,Щ,2,208 169,0449,1097,щ,2,209 137,32,1 -32
042A,1066,Ъ,2,208 170,044A,1098,ъ,2,209 138,32,1 -32
042B,1067,Ы,2,208 171,044B,1099,ы,2,209 139,32,1 -32
042C,1068,Ь,2,208 172,044C,1100,ь,2,209 140,32,1 -32
042D,1069,Э,2,208 173,044D,1101,э,2,209 141,32,1 -32
042E,1070,Ю,2,208 174,044E,1102,ю,2,209 142,32,1 -32
042F,1071,Я,2,208 175,044F,1103,я,2,209 143,32,1 -32
0460,1120,Ѡ,2,209 160,0461,1121,ѡ,2,209 161,1,0 1
0462,1122,Ѣ,2,209 162,0463,1123,ѣ,2,209 163,1,0 1
0464,1124,Ѥ,2,209 164,0465,1125,ѥ,2,209 165,1,0 1
0466,1126,Ѧ,2,209 166,0467,1127,ѧ,2,209 167,1,0 1
0468,1128,Ѩ,2,209 168,0469,1129,ѩ,2,209 169,1,0 1
046A,1130,Ѫ,2,209 170,046B,1131,ѫ,2,209 171,1,0 1
046C,1132,Ѭ,2,209 172,046D,1133,ѭ,2,209 173,1,0 1
046E,1134,Ѯ,2,209 174,046F,1135,ѯ,2,209 175,1,0 1
0470,1136,Ѱ,2,209 176,0471,1137,ѱ,2,209 177,1,0 1
0472,1138,Ѳ,2,209 178,0473,1139,ѳ,2,209 179,1,0 1
0474,1140,Ѵ,2,209 180,0475,1141,ѵ,2,209 181,1,0 1
0476,1142,Ѷ,2,209 182,0477,1143,ѷ,2,209 183,1,0 1
0478,1144,Ѹ,2,209 184,0479,1145,ѹ,2,209 185,1,0 1
047A,1146,Ѻ,2,209 186,047B,1147,ѻ,2,209 187,1,0 1
047C,1148,Ѽ,2,209 188,047D,1149,ѽ,2,209 189,1,0 1
047E,1150,Ѿ,2,209 190,047F,1151,ѿ,2,209 191,1,0 1
0480,1152,Ҁ,2,210 128,0481,1153,ҁ,2,210 129,1,0 1
048A,1162,Ҋ,2,210 138,048B,1163,ҋ,2,210 139,1,0 1
048C,1164,Ҍ,2,210 140,048D,1165,ҍ,2,210 141,1,0 1
048E,1166,Ҏ,2,210 142,048F,1167,ҏ,2,210 143,1,0 1
0490,1168,Ґ,2,210 144,0491,1169,ґ,2,210 145,1,0 1
0492,1170,Ғ,2,210 146,0493,1171,ғ,2,210 147,1,0 1
0494,1172,Ҕ,2,210 148,0495,1173,ҕ,2,210 149,1,0 1
0496,1174,Җ,2,210 150,0497,1175,җ,2,210 151,1,0 1
0498,1176,Ҙ,2,210 152,0499,1177,ҙ,2,210 153,1,0 1
049A,1178,Қ,2,210 154,049B,1179,қ,2,210 155,1,0 1
049C,1180,Ҝ,2,210 156,049D,1181,ҝ,2,210 157,1,0 1
049E,1182,Ҟ,2,210 158,049F,1183,ҟ,2,210 159,1,0 1
04A0,1184,Ҡ,2,210 160,04A1,1185,ҡ,2,210 161,1,0 1
04A2,1186,Ң,2,210 162,04A3,1187,ң,2,210 163,1,0 1
04A4,1188,Ҥ,2,210 164,04A5,1189,ҥ,2,210 165,1,0 1
04A6,1190,Ҧ,2,210 166,04A7,1191,ҧ,2,210 167,1,0 1
04A8,1192,Ҩ,2,210 168,04A9,1193,ҩ,2,210 169,1,0 1
04AA,1194,Ҫ,2,210 170,04AB,1195,ҫ,2,210 171,1,0 1
04AC,1196,Ҭ,2,210 172,04AD,1197,ҭ,2,210 173,1,0 1
04AE,1198,Ү,2,210 174,04AF,1199,ү,2,210 175,1,0 1
04B0,1200,Ұ,2,210 176,04B1,1201,ұ,2,210 177,1,0 1
04B2,1202,Ҳ,2,210 178,04B3,1203,ҳ,2,210 179,1,0 1
04B4,1204,Ҵ,2,210 180,04B5,1205,ҵ,2,210 181,1,0 1
04B6,1206,Ҷ,2,210 182,04B7,1207,ҷ,2,210 183,1,0 1
04B8,1208,Ҹ,2,210 184,04B9,1209,ҹ,2,210 185,1,0 1
04BA,1210,Һ,2,210 186,04BB,1211,һ,2,210 187,1,0 1
04BC,1212,Ҽ,2,210 188,04BD,1213,ҽ,2,210 189,1,0 1
04BE,1214,Ҿ,2,210 190,04BF,1215,ҿ,2,210 191,1,0 1
04C0,1216,Ӏ,2,211 128,04CF,1231,ӏ,2,211 143,15,0 15
04C1,1217,Ӂ,2,211 129,04C2,1218,ӂ,2,211 130,1,0 1
04C3,1219,Ӄ,2,211 131,04C4,1220,ӄ,2,211 132,1,0 1
04C5,1221,Ӆ,2,211 133,04C6,1222,ӆ,2,211 134,1,0 1
04C7,1223,Ӈ,2,211 135,04C8,1224,ӈ,2,211 136,1,0 1
04C9,1225,Ӊ,2,211 137,04CA,1226,ӊ,2,211 138,1,0 1
04CB,1227,Ӌ,2,211 139,04CC,1228,ӌ,2,211 140,1,0 1
04CD,1229,Ӎ,2,211 141,04CE,1230,ӎ,2,211 142,1,0 1
04D0,1232,Ӑ,2,211 144,04D1,1233,ӑ,2,211 145,1,0 1
04D2,1234,Ӓ,2,211 146,04D3,1235,ӓ,2,211 147,1,0 1
04D4,1236,Ӕ,2,211 148,04D5,1237,ӕ,2,211 149,1,0 1
04D6,1238,Ӗ,2,211 150,04D7,1239,ӗ,2,211 151,1,0 1
04D8,1240,Ә,2,211 152,04D9,1241,ә,2,211 153,1,0 1
04DA,1242,Ӛ,2,211 154,04DB,1243,ӛ,2,211 155,1,0 1
04DC,1244,Ӝ,2,211 156,04DD,1245,ӝ,2,211 157,1,0 1
04DE,1246,Ӟ,2,211 158,04DF,1247,ӟ,2,211 159,1,0 1
04E0,1248,Ӡ,2,211 160,04E1,1249,ӡ,2,211 161,1,0 1
04E2,1250,Ӣ,2,211 162,04E3,1251,ӣ,2,211 163,1,0 1
04E4,1252,Ӥ,2,211 164,04E5,1253,ӥ,2,211 165,1,0 1
04E6,1254,Ӧ,2,211 166,04E7,1255,ӧ,2,211 167,1,0 1
04E8,1256,Ө,2,211 168,04E9,1257,ө,2,211 169,1,0 1
04EA,1258,Ӫ,2,211 170,04EB,1259,ӫ,2,211 171,1,0 1
04EC,1260,Ӭ,2,211 172,04ED,1261,ӭ,2,211 173,1,0 1
04EE,1262,Ӯ,2,211 174,04EF,1263,ӯ,2,211 175,1,0 1
04F0,1264,Ӱ,2,211 176,04F1,1265,ӱ,2,211 177,1,0 1
04F2,1266,Ӳ,2,211 178,04F3,1267,ӳ,2,211 179,1,0 1
04F4,1268,Ӵ,2,211 180,04F5,1269,ӵ,2,211 181,1,0 1
04F6,1270,Ӷ,2,211 182,04F7,1271,ӷ,2,211 183,1,0 1
04F8,1272,Ӹ,2,211 184,04F9,1273,ӹ,2,211 185,1,0 1
04FA,1274,Ӻ,2,211 186,04FB,1275,ӻ,2,211 187,1,0 1
04FC,1276,Ӽ,2,211 188,04FD,1277,ӽ,2,211 189,1,0 1
04FE,1278,Ӿ,2,211 190,04FF,1279,ӿ,2,211 191,1,0 1
0500,1280,Ԁ,2,212 128,0501,1281,ԁ,2,212 129,1,0 1
0502,1282,Ԃ,2,212 130,0503,1283,ԃ,2,212 131,1,0 1
0504,1284,Ԅ,2,212 132,0505,1285,ԅ,2,212 133,1,0 1
0506,1286,Ԇ,2,212 134,0507,1287,ԇ,2,212 135,1,0 1
0508,1288,Ԉ,2,212 136,0509,1289,ԉ,2,212 137,1,0 1
050A,1290,Ԋ,2,212 138,050B,1291,ԋ,2,212 139,1,0 1
050C,1292,Ԍ,2,212 140,050D,1293,ԍ,2,212 141,1,0 1
050E,1294,Ԏ,2,212 142,050F,1295,ԏ,2,212 143,1,0 1
0510,1296,Ԑ,2,212 144,0511,1297,ԑ,2,212 145,1,0 1
0512,1298,Ԓ,2,212 146,0513,1299,ԓ,2,212 147,1,0 1
0514,1300,Ԕ,2,212 148,0515,1301,ԕ,2,212 149,1,0 1
0516,1302,Ԗ,2,212 150,0517,1303,ԗ,2,212 151,1,0 1
0518,1304,Ԙ,2,212 152,0519,1305,ԙ,2,212 153,1,0 1
051A,1306,Ԛ,2,212 154,051B,1307,ԛ,2,212 155,1,0 1
051C,1308,Ԝ,2,212 156,051D,1309,ԝ,2,212 157,1,0 1
051E,1310,Ԟ,2,212 158,051F,1311,ԟ,2,212 159,1,0 1
0520,1312,Ԡ,2,212 160,0521,1313,ԡ,2,212 161,1,0 1
0522,1314,Ԣ,2,212 162,0523,1315,ԣ,2,212 163,1,0 1
0524,1316,Ԥ,2,212 164,0525,1317,ԥ,2,212 165,1,0 1
0526,1318,Ԧ,2,212 166,0527,1319,ԧ,2,212 167,1,0 1
0528,1320,Ԩ,2,212 168,0529,1321,ԩ,2,212 169,1,0 1
052A,1322,Ԫ,2,212 170,052B,1323,ԫ,2,212 171,1,0 1
052C,1324,Ԭ,2,212 172,052D,1325,ԭ,2,212 173,1,0 1
052E,1326,Ԯ,2,212 174,052F,1327,ԯ,2,212 175,1,0 1
0531,1329,Ա,2,212 177,0561,1377,ա,2,213 161,48,1 -16
0532,1330,Բ,2,212 178,0562,1378,բ,2,213 162,48,1 -16
0533,1331,Գ,2,212 179,0563,1379,գ,2,213 163,48,1 -16
0534,1332,Դ,2,212 180,0564,1380,դ,2,213 164,48,1 -16
0535,1333,Ե,2,212 181,0565,1381,ե,2,213 165,48,1 -16
0536,1334,Զ,2,212 182,0566,1382,զ,2,213 166,48,1 -16
0537,1335,Է,2,212 183,0567,1383,է,2,213 167,48,1 -16
0538,1336,Ը,2,212 184,0568,1384,ը,2,213 168,48,1 -16
0539,1337,Թ,2,212 185,0569,1385,թ,2,213 169,48,1 -16
053A,1338,Ժ,2,212 186,056A,1386,ժ,2,213 170,48,1 -16
053B,1339,Ի,2,212 187,056B,1387,ի,2,213 171,48,1 -16
053C,1340,Լ,2,212 188,056C,1388,լ,2,213 172,48,1 -16
053D,1341,Խ,2,212 189,056D,1389,խ,2,213 173,48,1 -16
053E,1342,Ծ,2,212 190,056E,1390,ծ,2,213 174,48,1 -16
053F,1343,Կ,2,212 191,056F,1391,կ,2,213 175,48,1 -16
0540,1344,Հ,2,213 128,0570,1392,հ,2,213 176,48,0 48
0541,1345,Ձ,2,213 129,0571,1393,ձ,2,213 177,48,0 48
0542,1346,Ղ,2,213 130,0572,1394,ղ,2,213 178,48,0 48
0543,1347,Ճ,2,213 131,0573,1395,ճ,2,213 179,48,0 48
0544,1348,Մ,2,213 132,0574,1396,մ,2,213 180,48,0 48
0545,1349,Յ,2,213 133,0575,1397,յ,2,213 181,48,0 48
0546,1350,Ն,2,213 134,0576,1398,ն,2,213 182,48,0 48
0547,1351,Շ,2,213 135,0577,1399,շ,2,213 183,48,0 48
0548,1352,Ո,2,213 136,0578,1400,ո,2,213 184,48,0 48
0549,1353,Չ,2,213 137,0579,1401,չ,2,213 185,48,0 48
054A,1354,Պ,2,213 138,057A,1402,պ,2,213 186,48,0 48
054B,1355,Ջ,2,213 139,057B,1403,ջ,2,213 187,48,0 48
054C,1356,Ռ,2,213 140,057C,1404,ռ,2,213 188,48,0 48
054D,1357,Ս,2,213 141,057D,1405,ս,2,213 189,48,0 48
054E,1358,Վ,2,213 142,057E,1406,վ,2,213 190,48,0 48
054F,1359,Տ,2,213 143,057F,1407,տ,2,213 191,48,0 48
0550,1360,Ր,2,213 144,0580,1408,ր,2,214 128,48,1 -16
0551,1361,Ց,2,213 145,0581,1409,ց,2,214 129,48,1 -16
0552,1362,Ւ,2,213 146,0582,1410,ւ,2,214 130,48,1 -16
0553,1363,Փ,2,213 147,0583,1411,փ,2,214 131,48,1 -16
0554,1364,Ք,2,213 148,0584,1412,ք,2,214 132,48,1 -16
0555,1365,Օ,2,213 149,0585,1413,օ,2,214 133,48,1 -16
0556,1366,Ֆ,2,213 150,0586,1414,ֆ,2,214 134,48,1 -16
10A0,4256,Ⴀ,3,225 130 160,2D00,11520,ⴀ,3,226 180 128,7264,1 50 -32
10A1,4257,Ⴁ,3,225 130 161,2D01,11521,ⴁ,3,226 180 129,7264,1 50 -32
10A2,4258,Ⴂ,3,225 130 162,2D02,11522,ⴂ,3,226 180 130,7264,1 50 -32
10A3,4259,Ⴃ,3,225 130 163,2D03,11523,ⴃ,3,226 180 131,7264,1 50 -32
10A4,4260,Ⴄ,3,225 130 164,2D04,11524,ⴄ,3,226 180 132,7264,1 50 -32
10A5,4261,Ⴅ,3,225 130 165,2D05,11525,ⴅ,3,226 180 133,7264,1 50 -32
10A6,4262,Ⴆ,3,225 130 166,2D06,11526,ⴆ,3,226 180 134,7264,1 50 -32
10A7,4263,Ⴇ,3,225 130 167,2D07,11527,ⴇ,3,226 180 135,7264,1 50 -32
10A8,4264,Ⴈ,3,225 130 168,2D08,11528,ⴈ,3,226 180 136,7264,1 50 -32
10A9,4265,Ⴉ,3,225 130 169,2D09,11529,ⴉ,3,226 180 137,7264,1 50 -32
10AA,4266,Ⴊ,3,225 130 170,2D0A,11530,ⴊ,3,226 180 138,7264,1 50 -32
10AB,4267,Ⴋ,3,225 130 171,2D0B,11531,ⴋ,3,226 180 139,7264,1 50 -32
10AC,4268,Ⴌ,3,225 130 172,2D0C,11532,ⴌ,3,226 180 140,7264,1 50 -32
10AD,4269,Ⴍ,3,225 130 173,2D0D,11533,ⴍ,3,226 180 141,7264,1 50 -32
10AE,4270,Ⴎ,3,225 130 174,2D0E,11534,ⴎ,3,226 180 142,7264,1 50 -32
10AF,4271,Ⴏ,3,225 130 175,2D0F,11535,ⴏ,3,226 180 143,7264,1 50 -32
10B0,4272,Ⴐ,3,225 130 176,2D10,11536,ⴐ,3,226 180 144,7264,1 50 -32
10B1,4273,Ⴑ,3,225 130 177,2D11,11537,ⴑ,3,226 180 145,7264,1 50 -32
10B2,4274,Ⴒ,3,225 130 178,2D12,11538,ⴒ,3,226 180 146,7264,1 50 -32
10B3,4275,Ⴓ,3,225 130 179,2D13,11539,ⴓ,3,226 180 147,7264,1 50 -32
10B4,4276,Ⴔ,3,225 130 180,2D14,11540,ⴔ,3,226 180 148,7264,1 50 -32
10B5,4277,Ⴕ,3,225 130 181,2D15,11541,ⴕ,3,226 180 149,7264,1 50 -32
10B6,4278,Ⴖ,3,225 130 182,2D16,11542,ⴖ,3,226 180 150,7264,1 50 -32
10B7,4279,Ⴗ,3,225 130 183,2D17,11543,ⴗ,3,226 180 151,7264,1 50 -32
10B8,4280,Ⴘ,3,225 130 184,2D18,11544,ⴘ,3,226 180 152,7264,1 50 -32
10B9,4281,Ⴙ,3,225 130 185,2D19,11545,ⴙ,3,226 180 153,7264,1 50 -32
10BA,4282,Ⴚ,3,225 130 186,2D1A,11546,ⴚ,3,226 180 154,7264,1 50 -32
10BB,4283,Ⴛ,3,225 130 187,2D1B,11547,ⴛ,3,226 180 155,7264,1 50 -32
10BC,4284,Ⴜ,3,225 130 188,2D1C,11548,ⴜ,3,226 180 156,7264,1 50 -32
10BD,4285,Ⴝ,3,225 130 189,2D1D,11549,ⴝ,3,226 180 157,7264,1 50 -32
10BE,4286,Ⴞ,3,225 130 190,2D1E,11550,ⴞ,3,226 180 158,7264,1 50 -32
10BF,4287,Ⴟ,3,225 130 191,2D1F,11551,ⴟ,3,226 180 159,7264,1 50 -32
10C0,4288,Ⴠ,3,225 131 128,2D20,11552,ⴠ,3,226 180 160,7264,1 49 32
10C1,4289,Ⴡ,3,225 131 129,2D21,11553,ⴡ,3,226 180 161,7264,1 49 32
10C2,4290,Ⴢ,3,225 131 130,2D22,11554,ⴢ,3,226 180 162,7264,1 49 32
10C3,4291,Ⴣ,3,225 131 131,2D23,11555,ⴣ,3,226 180 163,7264,1 49 32
10C4,4292,Ⴤ,3,225 131 132,2D24,11556,ⴤ,3,226 180 164,7264,1 49 32
10C5,4293,Ⴥ,3,225 131 133,2D25,11557,ⴥ,3,226 180 165,7264,1 49 32
10C7,4295,Ⴧ,3,225 131 135,2D27,11559,ⴧ,3,226 180 167,7264,1 49 32
10CD,4301,Ⴭ,3,225 131 141,2D2D,11565,ⴭ,3,226 180 173,7264,1 49 32
13A0,5024,Ꭰ,3,225 142 160,AB70,43888,ꭰ,3,234 173 176,38864,9 31 16
13A1,5025,Ꭱ,3,225 142 161,AB71,43889,ꭱ,3,234 173 177,38864,9 31 16
13A2,5026,Ꭲ,3,225 142 162,AB72,43890,ꭲ,3,234 173 178,38864,9 31 16
13A3,5027,Ꭳ,3,225 142 163,AB73,43891,ꭳ,3,234 173 179,38864,9 31 16
13A4,5028,Ꭴ,3,225 142 164,AB74,43892,ꭴ,3,234 173 180,38864,9 31 16
13A5,5029,Ꭵ,3,225 142 165,AB75,43893,ꭵ,3,234 173 181,38864,9 31 16
13A6,5030,Ꭶ,3,225 142 166,AB76,43894,ꭶ,3,234 173 182,38864,9 31 16
13A7,5031,Ꭷ,3,225 142 167,AB77,43895,ꭷ,3,234 173 183,38864,9 31 16
13A8,5032,Ꭸ,3,225 142 168,AB78,43896,ꭸ,3,234 173 184,38864,9 31 16
13A9,5033,Ꭹ,3,225 142 169,AB79,43897,ꭹ,3,234 173 185,38864,9 31 16
13AA,5034,Ꭺ,3,225 142 170,AB7A,43898,ꭺ,3,234 173 186,38864,9 31 16
13AB,5035,Ꭻ,3,225 142 171,AB7B,43899,ꭻ,3,234 173 187,38864,9 31 16
13AC,5036,Ꭼ,3,225 142 172,AB7C,43900,ꭼ,3,234 173 188,38864,9 31 16
13AD,5037,Ꭽ,3,225 142 173,AB7D,43901,ꭽ,3,234 173 189,38864,9 31 16
13AE,5038,Ꭾ,3,225 142 174,AB7E,43902,ꭾ,3,234 173 190,38864,9 31 16
13AF,5039,Ꭿ,3,225 142 175,AB7F,43903,ꭿ,3,234 173 191,38864,9 31 16
13B0,5040,Ꮀ,3,225 142 176,AB80,43904,ꮀ,3,234 174 128,38864,9 32 -48
13B1,5041,Ꮁ,3,225 142 177,AB81,43905,ꮁ,3,234 174 129,38864,9 32 -48
13B2,5042,Ꮂ,3,225 142 178,AB82,43906,ꮂ,3,234 174 130,38864,9 32 -48
13B3,5043,Ꮃ,3,225 142 179,AB83,43907,ꮃ,3,234 174 131,38864,9 32 -48
13B4,5044,Ꮄ,3,225 142 180,AB84,43908,ꮄ,3,234 174 132,38864,9 32 -48
13B5,5045,Ꮅ,3,225 142 181,AB85,43909,ꮅ,3,234 174 133,38864,9 32 -48
13B6,5046,Ꮆ,3,225 142 182,AB86,43910,ꮆ,3,234 174 134,38864,9 32 -48
13B7,5047,Ꮇ,3,225 142 183,AB87,43911,ꮇ,3,234 174 135,38864,9 32 -48
13B8,5048,Ꮈ,3,225 142 184,AB88,43912,ꮈ,3,234 174 136,38864,9 32 -48
13B9,5049,Ꮉ,3,225 142 185,AB89,43913,ꮉ,3,234 174 137,38864,9 32 -48
13BA,5050,Ꮊ,3,225 142 186,AB8A,43914,ꮊ,3,234 174 138,38864,9 32 -48
13BB,5051,Ꮋ,3,225 142 187,AB8B,43915,ꮋ,3,234 174 139,38864,9 32 -48
13BC,5052,Ꮌ,3,225 142 188,AB8C,43916,ꮌ,3,234 174 140,38864,9 32 -48
13BD,5053,Ꮍ,3,225 142 189,AB8D,43917,ꮍ,3,234 174 141,38864,9 32 -48
13BE,5054,Ꮎ,3,225 142 190,AB8E,43918,ꮎ,3,234 174 142,38864,9 32 -48
13BF,5055,Ꮏ,3,225 142 191,AB8F,43919,ꮏ,3,234 174 143,38864,9 32 -48
13C0,5056,Ꮐ,3,225 143 128,AB90,43920,ꮐ,3,234 174 144,38864,9 31 16
13C1,5057,Ꮑ,3,225 143 129,AB91,43921,ꮑ,3,234 174 145,38864,9 31 16
13C2,5058,Ꮒ,3,225 143 130,AB92,43922,ꮒ,3,234 174 146,38864,9 31 16
13C3,5059,Ꮓ,3,225 143 131,AB93,43923,ꮓ,3,234 174 147,38864,9 31 16
13C4,5060,Ꮔ,3,225 143 132,AB94,43924,ꮔ,3,234 174 148,38864,9 31 16
13C5,5061,Ꮕ,3,225 143 133,AB95,43925,ꮕ,3,234 174 149,38864,9 31 16
13C6,5062,Ꮖ,3,225 143 134,AB96,43926,ꮖ,3,234 174 150,38864,9 31 16
13C7,5063,Ꮗ,3,225 143 135,AB97,43927,ꮗ,3,234 174 151,38864,9 31 16
13C8,5064,Ꮘ,3,225 143 136,AB98,43928,ꮘ,3,234 174 152,38864,9 31 16
13C9,5065,Ꮙ,3,225 143 137,AB99,43929,ꮙ,3,234 174 153,38864,9 31 16
13CA,5066,Ꮚ,3,225 143 138,AB9A,43930,ꮚ,3,234 174 154,38864,9 31 16
13CB,5067,Ꮛ,3,225 143 139,AB9B,43931,ꮛ,3,234 174 155,38864,9 31 16
13CC,5068,Ꮜ,3,225 143 140,AB9C,43932,ꮜ,3,234 174 156,38864,9 31 16
13CD,5069,Ꮝ,3,225 143 141,AB9D,43933,ꮝ,3,234 174 157,38864,9 31 16
13CE,5070,Ꮞ,3,225 143 142,AB9E,43934,ꮞ,3,234 174 158,38864,9 31 16
13CF,5071,Ꮟ,3,225 143 143,AB9F,43935,ꮟ,3,234 174 159,38864,9 31 16
13D0,5072,Ꮠ,3,225 143 144,ABA0,43936,ꮠ,3,234 174 160,38864,9 31 16
13D1,5073,Ꮡ,3,225 143 145,ABA1,43937,ꮡ,3,234 174 161,38864,9 31 16
13D2,5074,Ꮢ,3,225 143 146,ABA2,43938,ꮢ,3,234 174 162,38864,9 31 16
13D3,5075,Ꮣ,3,225 143 147,ABA3,43939,ꮣ,3,234 174 163,38864,9 31 16
13D4,5076,Ꮤ,3,225 143 148,ABA4,43940,ꮤ,3,234 174 164,38864,9 31 16
13D5,5077,Ꮥ,3,225 143 149,ABA5,43941,ꮥ,3,234 174 165,38864,9 31 16
13D6,5078,Ꮦ,3,225 143 150,ABA6,43942,ꮦ,3,234 174 166,38864,9 31 16
13D7,5079,Ꮧ,3,225 143 151,ABA7,43943,ꮧ,3,234 174 167,38864,9 31 16
13D8,5080,Ꮨ,3,225 143 152,ABA8,43944,ꮨ,3,234 174 168,38864,9 31 16
13D9,5081,Ꮩ,3,225 143 153,ABA9,43945,ꮩ,3,234 174 169,38864,9 31 16
13DA,5082,Ꮪ,3,225 143 154,ABAA,43946,ꮪ,3,234 174 170,38864,9 31 16
13DB,5083,Ꮫ,3,225 143 155,ABAB,43947,ꮫ,3,234 174 171,38864,9 31 16
13DC,5084,Ꮬ,3,225 143 156,ABAC,43948,ꮬ,3,234 174 172,38864,9 31 16
13DD,5085,Ꮭ,3,225 143 157,ABAD,43949,ꮭ,3,234 174 173,38864,9 31 16
13DE,5086,Ꮮ,3,225 143 158,ABAE,43950,ꮮ,3,234 174 174,38864,9 31 16
13DF,5087,Ꮯ,3,225 143 159,ABAF,43951,ꮯ,3,234 174 175,38864,9 31 16
13E0,5088,Ꮰ,3,225 143 160,ABB0,43952,ꮰ,3,234 174 176,38864,9 31 16
13E1,5089,Ꮱ,3,225 143 161,ABB1,43953,ꮱ,3,234 174 177,38864,9 31 16
13E2,5090,Ꮲ,3,225 143 162,ABB2,43954,ꮲ,3,234 174 178,38864,9 31 16
13E3,5091,Ꮳ,3,225 143 163,ABB3,43955,ꮳ,3,234 174 179,38864,9 31 16
13E4,5092,Ꮴ,3,225 143 164,ABB4,43956,ꮴ,3,234 174 180,38864,9 31 16
13E5,5093,Ꮵ,3,225 143 165,ABB5,43957,ꮵ,3,234 174 181,38864,9 31 16
13E6,5094,Ꮶ,3,225 143 166,ABB6,43958,ꮶ,3,234 174 182,38864,9 31 16
13E7,5095,Ꮷ,3,225 143 167,ABB7,43959,ꮷ,3,234 174 183,38864,9 31 16
13E8,5096,Ꮸ,3,225 143 168,ABB8,43960,ꮸ,3,234 174 184,38864,9 31 16
13E9,5097,Ꮹ,3,225 143 169,ABB9,43961,ꮹ,3,234 174 185,38864,9 31 16
13EA,5098,Ꮺ,3,225 143 170,ABBA,43962,ꮺ,3,234 174 186,38864,9 31 16
13EB,5099,Ꮻ,3,225 143 171,ABBB,43963,ꮻ,3,234 174 187,38864,9 31 16
13EC,5100,Ꮼ,3,225 143 172,ABBC,43964,ꮼ,3,234 174 188,38864,9 31 16
13ED,5101,Ꮽ,3,225 143 173,ABBD,43965,ꮽ,3,234 174 189,38864,9 31 16
13EE,5102,Ꮾ,3,225 143 174,ABBE,43966,ꮾ,3,234 174 190,38864,9 31 16
13EF,5103,Ꮿ,3,225 143 175,ABBF,43967,ꮿ,3,234 174 191,38864,9 31 16
13F0,5104,Ᏸ,3,225 143 176,13F8,5112,ᏸ,3,225 143 184,8,0 0 8
13F1,5105,Ᏹ,3,225 143 177,13F9,5113,ᏹ,3,225 143 185,8,0 0 8
13F2,5106,Ᏺ,3,225 143 178,13FA,5114,ᏺ,3,225 143 186,8,0 0 8
13F3,5107,Ᏻ,3,225 143 179,13FB,5115,ᏻ,3,225 143 187,8,0 0 8
13F4,5108,Ᏼ,3,225 143 180,13FC,5116,ᏼ,3,225 143 188,8,0 0 8
13F5,5109,Ᏽ,3,225 143 181,13FD,5117,ᏽ,3,225 143 189,8,0 0 8
1C90,7312,Ა,3,225 178 144,10D0,4304,ა,3,225 131 144,-3008,0 -47 0
1C91,7313,Ბ,3,225 178 145,10D1,4305,ბ,3,225 131 145,-3008,0 -47 0
1C92,7314,Გ,3,225 178 146,10D2,4306,გ,3,225 131 146,-3008,0 -47 0
1C93,7315,Დ,3,225 178 147,10D3,4307,დ,3,225 131 147,-3008,0 -47 0
1C94,7316,Ე,3,225 178 148,10D4,4308,ე,3,225 131 148,-3008,0 -47 0
1C95,7317,Ვ,3,225 178 149,10D5,4309,ვ,3,225 131 149,-3008,0 -47 0
1C96,7318,Ზ,3,225 178 150,10D6,4310,ზ,3,225 131 150,-3008,0 -47 0
1C97,7319,Თ,3,225 178 151,10D7,4311,თ,3,225 131 151,-3008,0 -47 0
1C98,7320,Ი,3,225 178 152,10D8,4312,ი,3,225 131 152,-3008,0 -47 0
1C99,7321,Კ,3,225 178 153,10D9,4313,კ,3,225 131 153,-3008,0 -47 0
1C9A,7322,Ლ,3,225 178 154,10DA,4314,ლ,3,225 131 154,-3008,0 -47 0
1C9B,7323,Მ,3,225 178 155,10DB,4315,მ,3,225 131 155,-3008,0 -47 0
1C9C,7324,Ნ,3,225 178 156,10DC,4316,ნ,3,225 131 156,-3008,0 -47 0
1C9D,7325,Ო,3,225 178 157,10DD,4317,ო,3,225 131 157,-3008,0 -47 0
1C9E,7326,Პ,3,225 178 158,10DE,4318,პ,3,225 131 158,-3008,0 -47 0
1C9F,7327,Ჟ,3,225 178 159,10DF,4319,ჟ,3,225 131 159,-3008,0 -47 0
1CA0,7328,Რ,3,225 178 160,10E0,4320,რ,3,225 131 160,-3008,0 -47 0
1CA1,7329,Ს,3,225 178 161,10E1,4321,ს,3,225 131 161,-3008,0 -47 0
1CA2,7330,Ტ,3,225 178 162,10E2,4322,ტ,3,225 131 162,-3008,0 -47 0
1CA3,7331,Უ,3,225 178 163,10E3,4323,უ,3,225 131 163,-3008,0 -47 0
1CA4,7332,Ფ,3,225 178 164,10E4,4324,ფ,3,225 131 164,-3008,0 -47 0
1CA5,7333,Ქ,3,225 178 165,10E5,4325,ქ,3,225 131 165,-3008,0 -47 0
1CA6,7334,Ღ,3,225 178 166,10E6,4326,ღ,3,225 131 166,-3008,0 -47 0
1CA7,7335,Ყ,3,225 178 167,10E7,4327,ყ,3,225 131 167,-3008,0 -47 0
1CA8,7336,Შ,3,225 178 168,10E8,4328,შ,3,225 131 168,-3008,0 -47 0
1CA9,7337,Ჩ,3,225 178 169,10E9,4329,ჩ,3,225 131 169,-3008,0 -47 0
1CAA,7338,Ც,3,225 178 170,10EA,4330,ც,3,225 131 170,-3008,0 -47 0
1CAB,7339,Ძ,3,225 178 171,10EB,4331,ძ,3,225 131 171,-3008,0 -47 0
1CAC,7340,Წ,3,225 178 172,10EC,4332,წ,3,225 131 172,-3008,0 -47 0
1CAD,7341,Ჭ,3,225 178 173,10ED,4333,ჭ,3,225 131 173,-3008,0 -47 0
1CAE,7342,Ხ,3,225 178 174,10EE,4334,ხ,3,225 131 174,-3008,0 -47 0
1CAF,7343,Ჯ,3,225 178 175,10EF,4335,ჯ,3,225 131 175,-3008,0 -47 0
1CB0,7344,Ჰ,3,225 178 176,10F0,4336,ჰ,3,225 131 176,-3008,0 -47 0
1CB1,7345,Ჱ,3,225 178 177,10F1,4337,ჱ,3,225 131 177,-3008,0 -47 0
1CB2,7346,Ჲ,3,225 178 178,10F2,4338,ჲ,3,225 131 178,-3008,0 -47 0
1CB3,7347,Ჳ,3,225 178 179,10F3,4339,ჳ,3,225 131 179,-3008,0 -47 0
1CB4,7348,Ჴ,3,225 178 180,10F4,4340,ჴ,3,225 131 180,-3008,0 -47 0
1CB5,7349,Ჵ,3,225 178 181,10F5,4341,ჵ,3,225 131 181,-3008,0 -47 0
1CB6,7350,Ჶ,3,225 178 182,10F6,4342,ჶ,3,225 131 182,-3008,0 -47 0
1CB7,7351,Ჷ,3,225 178 183,10F7,4343,ჷ,3,225 131 183,-3008,0 -47 0
1CB8,7352,Ჸ,3,225 178 184,10F8,4344,ჸ,3,225 131 184,-3008,0 -47 0
1CB9,7353,Ჹ,3,225 178 185,10F9,4345,ჹ,3,225 131 185,-3008,0 -47 0
1CBA,7354,Ჺ,3,225 178 186,10FA,4346,ჺ,3,225 131 186,-3008,0 -47 0
1CBD,7357,Ჽ,3,225 178 189,10FD,4349,ჽ,3,225 131 189,-3008,0 -47 0
1CBE,7358,Ჾ,3,225 178 190,10FE,4350,ჾ,3,225 131 190,-3008,0 -47 0
1CBF,7359,Ჿ,3,225 178 191,10FF,4351,ჿ,3,225 131 191,-3008,0 -47 0
1E00,7680,Ḁ,3,225 184 128,1E01,7681,ḁ,3,225 184 129,1,0 0 1
1E02,7682,Ḃ,3,225 184 130,1E03,7683,ḃ,3,225 184 131,1,0 0 1
1E04,7684,Ḅ,3,225 184 132,1E05,7685,ḅ,3,225 184 133,1,0 0 1
1E06,7686,Ḇ,3,225 184 134,1E07,7687,ḇ,3,225 184 135,1,0 0 1
1E08,7688,Ḉ,3,225 184 136,1E09,7689,ḉ,3,225 184 137,1,0 0 1
1E0A,7690,Ḋ,3,225 184 138,1E0B,7691,ḋ,3,225 184 139,1,0 0 1
1E0C,7692,Ḍ,3,225 184 140,1E0D,7693,ḍ,3,225 184 141,1,0 0 1
1E0E,7694,Ḏ,3,225 184 142,1E0F,7695,ḏ,3,225 184 143,1,0 0 1
1E10,7696,Ḑ,3,225 184 144,1E11,7697,ḑ,3,225 184 145,1,0 0 1
1E12,7698,Ḓ,3,225 184 146,1E13,7699,ḓ,3,225 184 147,1,0 0 1
1E14,7700,Ḕ,3,225 184 148,1E15,7701,ḕ,3,225 184 149,1,0 0 1
1E16,7702,Ḗ,3,225 184 150,1E17,7703,ḗ,3,225 184 151,1,0 0 1
1E18,7704,Ḙ,3,225 184 152,1E19,7705,ḙ,3,225 184 153,1,0 0 1
1E1A,7706,Ḛ,3,225 184 154,1E1B,7707,ḛ,3,225 184 155,1,0 0 1
1E1C,7708,Ḝ,3,225 184 156,1E1D,7709,ḝ,3,225 184 157,1,0 0 1
1E1E,7710,Ḟ,3,225 184 158,1E1F,7711,ḟ,3,225 184 159,1,0 0 1
1E20,7712,Ḡ,3,225 184 160,1E21,7713,ḡ,3,225 184 161,1,0 0 1
1E22,7714,Ḣ,3,225 184 162,1E23,7715,ḣ,3,225 184 163,1,0 0 1
1E24,7716,Ḥ,3,225 184 164,1E25,7717,ḥ,3,225 184 165,1,0 0 1
1E26,7718,Ḧ,3,225 184 166,1E27,7719,ḧ,3,225 184 167,1,0 0 1
1E28,7720,Ḩ,3,225 184 168,1E29,7721,ḩ,3,225 184 169,1,0 0 1
1E2A,7722,Ḫ,3,225 184 170,1E2B,7723,ḫ,3,225 184 171,1,0 0 1
1E2C,7724,Ḭ,3,225 184 172,1E2D,7725,ḭ,3,225 184 173,1,0 0 1
1E2E,7726,Ḯ,3,225 184 174,1E2F,7727,ḯ,3,225 184 175,1,0 0 1
1E30,7728,Ḱ,3,225 184 176,1E31,7729,ḱ,3,225 184 177,1,0 0 1
1E32,7730,Ḳ,3,225 184 178,1E33,7731,ḳ,3,225 184 179,1,0 0 1
1E34,7732,Ḵ,3,225 184 180,1E35,7733,ḵ,3,225 184 181,1,0 0 1
1E36,7734,Ḷ,3,225 184 182,1E37,7735,ḷ,3,225 184 183,1,0 0 1
1E38,7736,Ḹ,3,225 184 184,1E39,7737,ḹ,3,225 184 185,1,0 0 1
1E3A,7738,Ḻ,3,225 184 186,1E3B,7739,ḻ,3,225 184 187,1,0 0 1
1E3C,7740,Ḽ,3,225 184 188,1E3D,7741,ḽ,3,225 184 189,1,0 0 1
1E3E,7742,Ḿ,3,225 184 190,1E3F,7743,ḿ,3,225 184 191,1,0 0 1
1E40,7744,Ṁ,3,225 185 128,1E41,7745,ṁ,3,225 185 129,1,0 0 1
1E42,7746,Ṃ,3,225 185 130,1E43,7747,ṃ,3,225 185 131,1,0 0 1
1E44,7748,Ṅ,3,225 185 132,1E45,7749,ṅ,3,225 185 133,1,0 0 1
1E46,7750,Ṇ,3,225 185 134,1E47,7751,ṇ,3,225 185 135,1,0 0 1
1E48,7752,Ṉ,3,225 185 136,1E49,7753,ṉ,3,225 185 137,1,0 0 1
1E4A,7754,Ṋ,3,225 185 138,1E4B,7755,ṋ,3,225 185 139,1,0 0 1
1E4C,7756,Ṍ,3,225 185 140,1E4D,7757,ṍ,3,225 185 141,1,0 0 1
1E4E,7758,Ṏ,3,225 185 142,1E4F,7759,ṏ,3,225 185 143,1,0 0 1
1E50,7760,Ṑ,3,225 185 144,1E51,7761,ṑ,3,225 185 145,1,0 0 1
1E52,7762,Ṓ,3,225 185 146,1E53,7763,ṓ,3,225 185 147,1,0 0 1
1E54,7764,Ṕ,3,225 185 148,1E55,7765,ṕ,3,225 185 149,1,0 0 1
1E56,7766,Ṗ,3,225 185 150,1E57,7767,ṗ,3,225 185 151,1,0 0 1
1E58,7768,Ṙ,3,225 185 152,1E59,7769,ṙ,3,225 185 153,1,0 0 1
1E5A,7770,Ṛ,3,225 185 154,1E5B,7771,ṛ,3,225 185 155,1,0 0 1
1E5C,7772,Ṝ,3,225 185 156,1E5D,7773,ṝ,3,225 185 157,1,0 0 1
1E5E,7774,Ṟ,3,225 185 158,1E5F,7775,ṟ,3,225 185 159,1,0 0 1
1E60,7776,Ṡ,3,225 185 160,1E61,7777,ṡ,3,225 185 161,1,0 0 1
1E62,7778,Ṣ,3,225 185 162,1E63,7779,ṣ,3,225 185 163,1,0 0 1
1E64,7780,Ṥ,3,225 185 164,1E65,7781,ṥ,3,225 185 165,1,0 0 1
1E66,7782,Ṧ,3,225 185 166,1E67,7783,ṧ,3,225 185 167,1,0 0 1
1E68,7784,Ṩ,3,225 185 168,1E69,7785,ṩ,3,225 185 169,1,0 0 1
1E6A,7786,Ṫ,3,225 185 170,1E6B,7787,ṫ,3,225 185 171,1,0 0 1
1E6C,7788,Ṭ,3,225 185 172,1E6D,7789,ṭ,3,225 185 173,1,0 0 1
1E6E,7790,Ṯ,3,225 185 174,1E6F,7791,ṯ,3,225 185 175,1,0 0 1
1E70,7792,Ṱ,3,225 185 176,1E71,7793,ṱ,3,225 185 177,1,0 0 1
1E72,7794,Ṳ,3,225 185 178,1E73,7795,ṳ,3,225 185 179,1,0 0 1
1E74,7796,Ṵ,3,225 185 180,1E75,7797,ṵ,3,225 185 181,1,0 0 1
1E76,7798,Ṷ,3,225 185 182,1E77,7799,ṷ,3,225 185 183,1,0 0 1
1E78,7800,Ṹ,3,225 185 184,1E79,7801,ṹ,3,225 185 185,1,0 0 1
1E7A,7802,Ṻ,3,225 185 186,1E7B,7803,ṻ,3,225 185 187,1,0 0 1
1E7C,7804,Ṽ,3,225 185 188,1E7D,7805,ṽ,3,225 185 189,1,0 0 1
1E7E,7806,Ṿ,3,225 185 190,1E7F,7807,ṿ,3,225 185 191,1,0 0 1
1E80,7808,Ẁ,3,225 186 128,1E81,7809,ẁ,3,225 186 129,1,0 0 1
1E82,7810,Ẃ,3,225 186 130,1E83,7811,ẃ,3,225 186 131,1,0 0 1
1E84,7812,Ẅ,3,225 186 132,1E85,7813,ẅ,3,225 186 133,1,0 0 1
1E86,7814,Ẇ,3,225 186 134,1E87,7815,ẇ,3,225 186 135,1,0 0 1
1E88,7816,Ẉ,3,225 186 136,1E89,7817,ẉ,3,225 186 137,1,0 0 1
1E8A,7818,Ẋ,3,225 186 138,1E8B,7819,ẋ,3,225 186 139,1,0 0 1
1E8C,7820,Ẍ,3,225 186 140,1E8D,7821,ẍ,3,225 186 141,1,0 0 1
1E8E,7822,Ẏ,3,225 186 142,1E8F,7823,ẏ,3,225 186 143,1,0 0 1
1E90,7824,Ẑ,3,225 186 144,1E91,7825,ẑ,3,225 186 145,1,0 0 1
1E92,7826,Ẓ,3,225 186 146,1E93,7827,ẓ,3,225 186 147,1,0 0 1
1E94,7828,Ẕ,3,225 186 148,1E95,7829,ẕ,3,225 186 149,1,0 0 1
1E9E,7838,ẞ,3,225 186 158,00DF,223,ß,2,195 159,-7615,-30 -27 -158
1EA0,7840,Ạ,3,225 186 160,1EA1,7841,ạ,3,225 186 161,1,0 0 1
1EA2,7842,Ả,3,225 186 162,1EA3,7843,ả,3,225 186 163,1,0 0 1
1EA4,7844,Ấ,3,225 186 164,1EA5,7845,ấ,3,225 186 165,1,0 0 1
1EA6,7846,Ầ,3,225 186 166,1EA7,7847,ầ,3,225 186 167,1,0 0 1
1EA8,7848,Ẩ,3,225 186 168,1EA9,7849,ẩ,3,225 186 169,1,0 0 1
1EAA,7850,Ẫ,3,225 186 170,1EAB,7851,ẫ,3,225 186 171,1,0 0 1
1EAC,7852,Ậ,3,225 186 172,1EAD,7853,ậ,3,225 186 173,1,0 0 1
1EAE,7854,Ắ,3,225 186 174,1EAF,7855,ắ,3,225 186 175,1,0 0 1
1EB0,7856,Ằ,3,225 186 176,1EB1,7857,ằ,3,225 186 177,1,0 0 1
1EB2,7858,Ẳ,3,225 186 178,1EB3,7859,ẳ,3,225 186 179,1,0 0 1
1EB4,7860,Ẵ,3,225 186 180,1EB5,7861,ẵ,3,225 186 181,1,0 0 1
1EB6,7862,Ặ,3,225 186 182,1EB7,7863,ặ,3,225 186 183,1,0 0 1
1EB8,7864,Ẹ,3,225 186 184,1EB9,7865,ẹ,3,225 186 185,1,0 0 1
1EBA,7866,Ẻ,3,225 186 186,1EBB,7867,ẻ,3,225 186 187,1,0 0 1
1EBC,7868,Ẽ,3,225 186 188,1EBD,7869,ẽ,3,225 186 189,1,0 0 1
1EBE,7870,Ế,3,225 186 190,1EBF,7871,ế,3,225 186 191,1,0 0 1
1EC0,7872,Ề,3,225 187 128,1EC1,7873,ề,3,225 187 129,1,0 0 1
1EC2,7874,Ể,3,225 187 130,1EC3,7875,ể,3,225 187 131,1,0 0 1
1EC4,7876,Ễ,3,225 187 132,1EC5,7877,ễ,3,225 187 133,1,0 0 1
1EC6,7878,Ệ,3,225 187 134,1EC7,7879,ệ,3,225 187 135,1,0 0 1
1EC8,7880,Ỉ,3,225 187 136,1EC9,7881,ỉ,3,225 187 137,1,0 0 1
1ECA,7882,Ị,3,225 187 138,1ECB,7883,ị,3,225 187 139,1,0 0 1
1ECC,7884,Ọ,3,225 187 140,1ECD,7885,ọ,3,225 187 141,1,0 0 1
1ECE,7886,Ỏ,3,225 187 142,1ECF,7887,ỏ,3,225 187 143,1,0 0 1
1ED0,7888,Ố,3,225 187 144,1ED1,7889,ố,3,225 187 145,1,0 0 1
1ED2,7890,Ồ,3,225 187 146,1ED3,7891,ồ,3,225 187 147,1,0 0 1
1ED4,7892,Ổ,3,225 187 148,1ED5,7893,ổ,3,225 187 149,1,0 0 1
1ED6,7894,Ỗ,3,225 187 150,1ED7,7895,ỗ,3,225 187 151,1,0 0 1
1ED8,7896,Ộ,3,225 187 152,1ED9,7897,ộ,3,225 187 153,1,0 0 1
1EDA,7898,Ớ,3,225 187 154,1EDB,7899,ớ,3,225 187 155,1,0 0 1
1EDC,7900,Ờ,3,225 187 156,1EDD,7901,ờ,3,225 187 157,1,0 0 1
1EDE,7902,Ở,3,225 187 158,1EDF,7903,ở,3,225 187 159,1,0 0 1
1EE0,7904,Ỡ,3,225 187 160,1EE1,7905,ỡ,3,225 187 161,1,0 0 1
1EE2,7906,Ợ,3,225 187 162,1EE3,7907,ợ,3,225 187 163,1,0 0 1
1EE4,7908,Ụ,3,225 187 164,1EE5,7909,ụ,3,225 187 165,1,0 0 1
1EE6,7910,Ủ,3,225 187 166,1EE7,7911,ủ,3,225 187 167,1,0 0 1
1EE8,7912,Ứ,3,225 187 168,1EE9,7913,ứ,3,225 187 169,1,0 0 1
1EEA,7914,Ừ,3,225 187 170,1EEB,7915,ừ,3,225 187 171,1,0 0 1
1EEC,7916,Ử,3,225 187 172,1EED,7917,ử,3,225 187 173,1,0 0 1
1EEE,7918,Ữ,3,225 187 174,1EEF,7919,ữ,3,225 187 175,1,0 0 1
1EF0,7920,Ự,3,225 187 176,1EF1,7921,ự,3,225 187 177,1,0 0 1
1EF2,7922,Ỳ,3,225 187 178,1EF3,7923,ỳ,3,225 187 179,1,0 0 1
1EF4,7924,Ỵ,3,225 187 180,1EF5,7925,ỵ,3,225 187 181,1,0 0 1
1EF6,7926,Ỷ,3,225 187 182,1EF7,7927,ỷ,3,225 187 183,1,0 0 1
1EF8,7928,Ỹ,3,225 187 184,1EF9,7929,ỹ,3,225 187 185,1,0 0 1
1EFA,7930,Ỻ,3,225 187 186,1EFB,7931,ỻ,3,225 187 187,1,0 0 1
1EFC,7932,Ỽ,3,225 187 188,1EFD,7933,ỽ,3,225 187 189,1,0 0 1
1EFE,7934,Ỿ,3,225 187 190,1EFF,7935,ỿ,3,225 187 191,1,0 0 1
1F08,7944,Ἀ,3,225 188 136,1F00,7936,ἀ,3,225 188 128,-8,0 0 -8
1F09,7945,Ἁ,3,225 188 137,1F01,7937,ἁ,3,225 188 129,-8,0 0 -8
1F0A,7946,Ἂ,3,225 188 138,1F02,7938,ἂ,3,225 188 130,-8,0 0 -8
1F0B,7947,Ἃ,3,225 188 139,1F03,7939,ἃ,3,225 188 131,-8,0 0 -8
1F0C,7948,Ἄ,3,225 188 140,1F04,7940,ἄ,3,225 188 132,-8,0 0 -8
1F0D,7949,Ἅ,3,225 188 141,1F05,7941,ἅ,3,225 188 133,-8,0 0 -8
1F0E,7950,Ἆ,3,225 188 142,1F06,7942,ἆ,3,225 188 134,-8,0 0 -8
1F0F,7951,Ἇ,3,225 188 143,1F07,7943,ἇ,3,225 188 135,-8,0 0 -8
1F18,7960,Ἐ,3,225 188 152,1F10,7952,ἐ,3,225 188 144,-8,0 0 -8
1F19,7961,Ἑ,3,225 188 153,1F11,7953,ἑ,3,225 188 145,-8,0 0 -8
1F1A,7962,Ἒ,3,225 188 154,1F12,7954,ἒ,3,225 188 146,-8,0 0 -8
1F1B,7963,Ἓ,3,225 188 155,1F13,7955,ἓ,3,225 188 147,-8,0 0 -8
1F1C,7964,Ἔ,3,225 188 156,1F14,7956,ἔ,3,225 188 148,-8,0 0 -8
1F1D,7965,Ἕ,3,225 188 157,1F15,7957,ἕ,3,225 188 149,-8,0 0 -8
1F28,7976,Ἠ,3,225 188 168,1F20,7968,ἠ,3,225 188 160,-8,0 0 -8
1F29,7977,Ἡ,3,225 188 169,1F21,7969,ἡ,3,225 188 161,-8,0 0 -8
1F2A,7978,Ἢ,3,225 188 170,1F22,7970,ἢ,3,225 188 162,-8,0 0 -8
1F2B,7979,Ἣ,3,225 188 171,1F23,7971,ἣ,3,225 188 163,-8,0 0 -8
1F2C,7980,Ἤ,3,225 188 172,1F24,7972,ἤ,3,225 188 164,-8,0 0 -8
1F2D,7981,Ἥ,3,225 188 173,1F25,7973,ἥ,3,225 188 165,-8,0 0 -8
1F2E,7982,Ἦ,3,225 188 174,1F26,7974,ἦ,3,225 188 166,-8,0 0 -8
1F2F,7983,Ἧ,3,225 188 175,1F27,7975,ἧ,3,225 188 167,-8,0 0 -8
1F38,7992,Ἰ,3,225 188 184,1F30,7984,ἰ,3,225 188 176,-8,0 0 -8
1F39,7993,Ἱ,3,225 188 185,1F31,7985,ἱ,3,225 188 177,-8,0 0 -8
1F3A,7994,Ἲ,3,225 188 186,1F32,7986,ἲ,3,225 188 178,-8,0 0 -8
1F3B,7995,Ἳ,3,225 188 187,1F33,7987,ἳ,3,225 188 179,-8,0 0 -8
1F3C,7996,Ἴ,3,225 188 188,1F34,7988,ἴ,3,225 188 180,-8,0 0 -8
1F3D,7997,Ἵ,3,225 188 189,1F35,7989,ἵ,3,225 188 181,-8,0 0 -8
1F3E,7998,Ἶ,3,225 188 190,1F36,7990,ἶ,3,225 188 182,-8,0 0 -8
1F3F,7999,Ἷ,3,225 188 191,1F37,7991,ἷ,3,225 188 183,-8,0 0 -8
1F48,8008,Ὀ,3,225 189 136,1F40,8000,ὀ,3,225 189 128,-8,0 0 -8
1F49,8009,Ὁ,3,225 189 137,1F41,8001,ὁ,3,225 189 129,-8,0 0 -8
1F4A,8010,Ὂ,3,225 189 138,1F42,8002,ὂ,3,225 189 130,-8,0 0 -8
1F4B,8011,Ὃ,3,225 189 139,1F43,8003,ὃ,3,225 189 131,-8,0 0 -8
1F4C,8012,Ὄ,3,225 189 140,1F44,8004,ὄ,3,225 189 132,-8,0 0 -8
1F4D,8013,Ὅ,3,225 189 141,1F45,8005,ὅ,3,225 189 133,-8,0 0 -8
1F59,8025,Ὑ,3,225 189 153,1F51,8017,ὑ,3,225 189 145,-8,0 0 -8
1F5B,8027,Ὓ,3,225 189 155,1F53,8019,ὓ,3,225 189 147,-8,0 0 -8
1F5D,8029,Ὕ,3,225 189 157,1F55,8021,ὕ,3,225 189 149,-8,0 0 -8
1F5F,8031,Ὗ,3,225 189 159,1F57,8023,ὗ,3,225 189 151,-8,0 0 -8
1F68,8040,Ὠ,3,225 189 168,1F60,8032,ὠ,3,225 189 160,-8,0 0 -8
1F69,8041,Ὡ,3,225 189 169,1F61,8033,ὡ,3,225 189 161,-8,0 0 -8
1F6A,8042,Ὢ,3,225 189 170,1F62,8034,ὢ,3,225 189 162,-8,0 0 -8
1F6B,8043,Ὣ,3,225 189 171,1F63,8035,ὣ,3,225 189 163,-8,0 0 -8
1F6C,8044,Ὤ,3,225 189 172,1F64,8036,ὤ,3,225 189 164,-8,0 0 -8
1F6D,8045,Ὥ,3,225 189 173,1F65,8037,ὥ,3,225 189 165,-8,0 0 -8
1F6E,8046,Ὦ,3,225 189 174,1F66,8038,ὦ,3,225 189 166,-8,0 0 -8
1F6F,8047,Ὧ,3,225 189 175,1F67,8039,ὧ,3,225 189 167,-8,0 0 -8
1F88,8072,ᾈ,3,225 190 136,1F80,8064,ᾀ,3,225 190 128,-8,0 0 -8
1F89,8073,ᾉ,3,225 190 137,1F81,8065,ᾁ,3,225 190 129,-8,0 0 -8
1F8A,8074,ᾊ,3,225 190 138,1F82,8066,ᾂ,3,225 190 130,-8,0 0 -8
1F8B,8075,ᾋ,3,225 190 139,1F83,8067,ᾃ,3,225 190 131,-8,0 0 -8
1F8C,8076,ᾌ,3,225 190 140,1F84,8068,ᾄ,3,225 190 132,-8,0 0 -8
1F8D,8077,ᾍ,3,225 190 141,1F85,8069,ᾅ,3,225 190 133,-8,0 0 -8
1F8E,8078,ᾎ,3,225 190 142,1F86,8070,ᾆ,3,225 190 134,-8,0 0 -8
1F8F,8079,ᾏ,3,225 190 143,1F87,8071,ᾇ,3,225 190 135,-8,0 0 -8
1F98,8088,ᾘ,3,225 190 152,1F90,8080,ᾐ,3,225 190 144,-8,0 0 -8
1F99,8089,ᾙ,3,225 190 153,1F91,8081,ᾑ,3,225 190 145,-8,0 0 -8
1F9A,8090,ᾚ,3,225 190 154,1F92,8082,ᾒ,3,225 190 146,-8,0 0 -8
1F9B,8091,ᾛ,3,225 190 155,1F93,8083,ᾓ,3,225 190 147,-8,0 0 -8
1F9C,8092,ᾜ,3,225 190 156,1F94,8084,ᾔ,3,225 190 148,-8,0 0 -8
1F9D,8093,ᾝ,3,225 190 157,1F95,8085,ᾕ,3,225 190 149,-8,0 0 -8
1F9E,8094,ᾞ,3,225 190 158,1F96,8086,ᾖ,3,225 190 150,-8,0 0 -8
1F9F,8095,ᾟ,3,225 190 159,1F97,8087,ᾗ,3,225 190 151,-8,0 0 -8
1FA8,8104,ᾨ,3,225 190 168,1FA0,8096,ᾠ,3,225 190 160,-8,0 0 -8
1FA9,8105,ᾩ,3,225 190 169,1FA1,8097,ᾡ,3,225 190 161,-8,0 0 -8
1FAA,8106,ᾪ,3,225 190 170,1FA2,8098,ᾢ,3,225 190 162,-8,0 0 -8
1FAB,8107,ᾫ,3,225 190 171,1FA3,8099,ᾣ,3,225 190 163,-8,0 0 -8
1FAC,8108,ᾬ,3,225 190 172,1FA4,8100,ᾤ,3,225 190 164,-8,0 0 -8
1FAD,8109,ᾭ,3,225 190 173,1FA5,8101,ᾥ,3,225 190 165,-8,0 0 -8
1FAE,8110,ᾮ,3,225 190 174,1FA6,8102,ᾦ,3,225 190 166,-8,0 0 -8
1FAF,8111,ᾯ,3,225 190 175,1FA7,8103,ᾧ,3,225 190 167,-8,0 0 -8
1FB8,8120,Ᾰ,3,225 190 184,1FB0,8112,ᾰ,3,225 190 176,-8,0 0 -8
1FB9,8121,Ᾱ,3,225 190 185,1FB1,8113,ᾱ,3,225 190 177,-8,0 0 -8
1FBA,8122,Ὰ,3,225 190 186,1F70,8048,ὰ,3,225 189 176,-74,0 -1 -10
1FBB,8123,Ά,3,225 190 187,1F71,8049,ά,3,225 189 177,-74,0 -1 -10
1FBC,8124,ᾼ,3,225 190 188,1FB3,8115,ᾳ,3,225 190 179,-9,0 0 -9
1FC8,8136,Ὲ,3,225 191 136,1F72,8050,ὲ,3,225 189 178,-86,0 -2 42
1FC9,8137,Έ,3,225 191 137,1F73,8051,έ,3,225 189 179,-86,0 -2 42
1FCA,8138,Ὴ,3,225 191 138,1F74,8052,ὴ,3,225 189 180,-86,0 -2 42
1FCB,8139,Ή,3,225 191 139,1F75,8053,ή,3,225 189 181,-86,0 -2 42
1FCC,8140,ῌ,3,225 191 140,1FC3,8131,ῃ,3,225 191 131,-9,0 0 -9
1FD8,8152,Ῐ,3,225 191 152,1FD0,8144,ῐ,3,225 191 144,-8,0 0 -8
1FD9,8153,Ῑ,3,225 191 153,1FD1,8145,ῑ,3,225 191 145,-8,0 0 -8
1FDA,8154,Ὶ,3,225 191 154,1F76,8054,ὶ,3,225 189 182,-100,0 -2 28
1FDB,8155,Ί,3,225 191 155,1F77,8055,ί,3,225 189 183,-100,0 -2 28
1FE8,8168,Ῠ,3,225 191 168,1FE0,8160,ῠ,3,225 191 160,-8,0 0 -8
1FE9,8169,Ῡ,3,225 191 169,1FE1,8161,ῡ,3,225 191 161,-8,0 0 -8
1FEA,8170,Ὺ,3,225 191 170,1F7A,8058,ὺ,3,225 189 186,-112,0 -2 16
1FEB,8171,Ύ,3,225 191 171,1F7B,8059,ύ,3,225 189 187,-112,0 -2 16
1FEC,8172,Ῥ,3,225 191 172,1FE5,8165,ῥ,3,225 191 165,-7,0 0 -7
1FF8,8184,Ὸ,3,225 191 184,1F78,8056,ὸ,3,225 189 184,-128,0 -2 0
1FF9,8185,Ό,3,225 191 185,1F79,8057,ό,3,225 189 185,-128,0 -2 0
1FFA,8186,Ὼ,3,225 191 186,1F7C,8060,ὼ,3,225 189 188,-126,0 -2 2
1FFB,8187,Ώ,3,225 191 187,1F7D,8061,ώ,3,225 189 189,-126,0 -2 2
1FFC,8188,ῼ,3,225 191 188,1FF3,8179,ῳ,3,225 191 179,-9,0 0 -9
2126,8486,Ω,3,226 132 166,03C9,969,ω,2,207 137,-7517,-19 5 -166
212A,8490,K,3,226 132 170,006B,107,k,1,107,-8383,-119 -132 -170
212B,8491,Å,3,226 132 171,00E5,229,å,2,195 165,-8262,-31 33 -171
2132,8498,Ⅎ,3,226 132 178,214E,8526,ⅎ,3,226 133 142,28,0 1 -36
2160,8544,Ⅰ,3,226 133 160,2170,8560,ⅰ,3,226 133 176,16,0 0 16
2161,8545,Ⅱ,3,226 133 161,2171,8561,ⅱ,3,226 133 177,16,0 0 16
2162,8546,Ⅲ,3,226 133 162,2172,8562,ⅲ,3,226 133 178,16,0 0 16
2163,8547,Ⅳ,3,226 133 163,2173,8563,ⅳ,3,226 133 179,16,0 0 16
2164,8548,Ⅴ,3,226 133 164,2174,8564,ⅴ,3,226 133 180,16,0 0 16
2165,8549,Ⅵ,3,226 133 165,2175,8565,ⅵ,3,226 133 181,16,0 0 16
2166,8550,Ⅶ,3,226 133 166,2176,8566,ⅶ,3,226 133 182,16,0 0 16
2167,8551,Ⅷ,3,226 133 167,2177,8567,ⅷ,3,226 133 183,16,0 0 16
2168,8552,Ⅸ,3,226 133 168,2178,8568,ⅸ,3,226 133 184,16,0 0 16
2169,8553,Ⅹ,3,226 133 169,2179,8569,ⅹ,3,226 133 185,16,0 0 16
216A,8554,Ⅺ,3,226 133 170,217A,8570,ⅺ,3,226 133 186,16,0 0 16
216B,8555,Ⅻ,3,226 133 171,217B,8571,ⅻ,3,226 133 187,16,0 0 16
216C,8556,Ⅼ,3,226 133 172,217C,8572,ⅼ,3,226 133 188,16,0 0 16
216D,8557,Ⅽ,3,226 133 173,217D,8573,ⅽ,3,226 133 189,16,0 0 16
216E,8558,Ⅾ,3,226 133 174,217E,8574,ⅾ,3,226 133 190,16,0 0 16
216F,8559,Ⅿ,3,226 133 175,217F,8575,ⅿ,3,226 133 191,16,0 0 16
2183,8579,Ↄ,3,226 134 131,2184,8580,ↄ,3,226 134 132,1,0 0 1
24B6,9398,Ⓐ,3,226 146 182,24D0,9424,ⓐ,3,226 147 144,26,0 1 -38
24B7,9399,Ⓑ,3,226 146 183,24D1,9425,ⓑ,3,226 147 145,26,0 1 -38
24B8,9400,Ⓒ,3,226 146 184,24D2,9426,ⓒ,3,226 147 146,26,0 1 -38
24B9,9401,Ⓓ,3,226 146 185,24D3,9427,ⓓ,3,226 147 147,26,0 1 -38
24BA,9402,Ⓔ,3,226 146 186,24D4,9428,ⓔ,3,226 147 148,26,0 1 -38
24BB,9403,Ⓕ,3,226 146 187,24D5,9429,ⓕ,3,226 147 149,26,0 1 -38
24BC,9404,Ⓖ,3,226 146 188,24D6,9430,ⓖ,3,226 147 150,26,0 1 -38
24BD,9405,Ⓗ,3,226 146 189,24D7,9431,ⓗ,3,226 147 151,26,0 1 -38
24BE,9406,Ⓘ,3,226 146 190,24D8,9432,ⓘ,3,226 147 152,26,0 1 -38
24BF,9407,Ⓙ,3,226 146 191,24D9,9433,ⓙ,3,226 147 153,26,0 1 -38
24C0,9408,Ⓚ,3,226 147 128,24DA,9434,ⓚ,3,226 147 154,26,0 0 26
24C1,9409,Ⓛ,3,226 147 129,24DB,9435,ⓛ,3,226 147 155,26,0 0 26
24C2,9410,Ⓜ,3,226 147 130,24DC,9436,ⓜ,3,226 147 156,26,0 0 26
24C3,9411,Ⓝ,3,226 147 131,24DD,9437,ⓝ,3,226 147 157,26,0 0 26
24C4,9412,Ⓞ,3,226 147 132,24DE,9438,ⓞ,3,226 147 158,26,0 0 26
24C5,9413,Ⓟ,3,226 147 133,24DF,9439,ⓟ,3,226 147 159,26,0 0 26
24C6,9414,Ⓠ,3,226 147 134,24E0,9440,ⓠ,3,226 147 160,26,0 0 26
24C7,9415,Ⓡ,3,226 147 135,24E1,9441,ⓡ,3,226 147 161,26,0 0 26
24C8,9416,Ⓢ,3,226 147 136,24E2,9442,ⓢ,3,226 147 162,26,0 0 26
24C9,9417,Ⓣ,3,226 147 137,24E3,9443,ⓣ,3,226 147 163,26,0 0 26
24CA,9418,Ⓤ,3,226 147 138,24E4,9444,ⓤ,3,226 147 164,26,0 0 26
24CB,9419,Ⓥ,3,226 147 139,24E5,9445,ⓥ,3,226 147 165,26,0 0 26
24CC,9420,Ⓦ,3,226 147 140,24E6,9446,ⓦ,3,226 147 166,26,0 0 26
24CD,9421,Ⓧ,3,226 147 141,24E7,9447,ⓧ,3,226 147 167,26,0 0 26
24CE,9422,Ⓨ,3,226 147 142,24E8,9448,ⓨ,3,226 147 168,26,0 0 26
24CF,9423,Ⓩ,3,226 147 143,24E9,9449,ⓩ,3,226 147 169,26,0 0 26
2C00,11264,Ⰰ,3,226 176 128,2C30,11312,ⰰ,3,226 176 176,48,0 0 48
2C01,11265,Ⰱ,3,226 176 129,2C31,11313,ⰱ,3,226 176 177,48,0 0 48
2C02,11266,Ⰲ,3,226 176 130,2C32,11314,ⰲ,3,226 176 178,48,0 0 48
2C03,11267,Ⰳ,3,226 176 131,2C33,11315,ⰳ,3,226 176 179,48,0 0 48
2C04,11268,Ⰴ,3,226 176 132,2C34,11316,ⰴ,3,226 176 180,48,0 0 48
2C05,11269,Ⰵ,3,226 176 133,2C35,11317,ⰵ,3,226 176 181,48,0 0 48
2C06,11270,Ⰶ,3,226 176 134,2C36,11318,ⰶ,3,226 176 182,48,0 0 48
2C07,11271,Ⰷ,3,226 176 135,2C37,11319,ⰷ,3,226 176 183,48,0 0 48
2C08,11272,Ⰸ,3,226 176 136,2C38,11320,ⰸ,3,226 176 184,48,0 0 48
2C09,11273,Ⰹ,3,226 176 137,2C39,11321,ⰹ,3,226 176 185,48,0 0 48
2C0A,11274,Ⰺ,3,226 176 138,2C3A,11322,ⰺ,3,226 176 186,48,0 0 48
2C0B,11275,Ⰻ,3,226 176 139,2C3B,11323,ⰻ,3,226 176 187,48,0 0 48
2C0C,11276,Ⰼ,3,226 176 140,2C3C,11324,ⰼ,3,226 176 188,48,0 0 48
2C0D,11277,Ⰽ,3,226 176 141,2C3D,11325,ⰽ,3,226 176 189,48,0 0 48
2C0E,11278,Ⰾ,3,226 176 142,2C3E,11326,ⰾ,3,226 176 190,48,0 0 48
2C0F,11279,Ⰿ,3,226 176 143,2C3F,11327,ⰿ,3,226 176 191,48,0 0 48
2C10,11280,Ⱀ,3,226 176 144,2C40,11328,ⱀ,3,226 177 128,48,0 1 -16
2C11,11281,Ⱁ,3,226 176 145,2C41,11329,ⱁ,3,226 177 129,48,0 1 -16
2C12,11282,Ⱂ,3,226 176 146,2C42,11330,ⱂ,3,226 177 130,48,0 1 -16
2C13,11283,Ⱃ,3,226 176 147,2C43,11331,ⱃ,3,226 177 131,48,0 1 -16
2C14,11284,Ⱄ,3,226 176 148,2C44,11332,ⱄ,3,226 177 132,48,0 1 -16
2C15,11285,Ⱅ,3,226 176 149,2C45,11333,ⱅ,3,226 177 133,48,0 1 -16
2C16,11286,Ⱆ,3,226 176 150,2C46,11334,ⱆ,3,226 177 134,48,0 1 -16
2C17,11287,Ⱇ,3,226 176 151,2C47,11335,ⱇ,3,226 177 135,48,0 1 -16
2C18,11288,Ⱈ,3,226 176 152,2C48,11336,ⱈ,3,226 177 136,48,0 1 -16
2C19,11289,Ⱉ,3,226 176 153,2C49,11337,ⱉ,3,226 177 137,48,0 1 -16
2C1A,11290,Ⱊ,3,226 176 154,2C4A,11338,ⱊ,3,226 177 138,48,0 1 -16
2C1B,11291,Ⱋ,3,226 176 155,2C4B,11339,ⱋ,3,226 177 139,48,0 1 -16
2C1C,11292,Ⱌ,3,226 176 156,2C4C,11340,ⱌ,3,226 177 140,48,0 1 -16
2C1D,11293,Ⱍ,3,226 176 157,2C4D,11341,ⱍ,3,226 177 141,48,0 1 -16
2C1E,11294,Ⱎ,3,226 176 158,2C4E,11342,ⱎ,3,226 177 142,48,0 1 -16
2C1F,11295,Ⱏ,3,226 176 159,2C4F,11343,ⱏ,3,226 177 143,48,0 1 -16
2C20,11296,Ⱐ,3,226 176 160,2C50,11344,ⱐ,3,226 177 144,48,0 1 -16
2C21,11297,Ⱑ,3,226 176 161,2C51,11345,ⱑ,3,226 177 145,48,0 1 -16
2C22,11298,Ⱒ,3,226 176 162,2C52,11346,ⱒ,3,226 177 146,48,0 1 -16
2C23,11299,Ⱓ,3,226 176 163,2C53,11347,ⱓ,3,226 177 147,48,0 1 -16
2C24,11300,Ⱔ,3,226 176 164,2C54,11348,ⱔ,3,226 177 148,48,0 1 -16
2C25,11301,Ⱕ,3,226 176 165,2C55,11349,ⱕ,3,226 177 149,48,0 1 -16
2C26,11302,Ⱖ,3,226 176 166,2C56,11350,ⱖ,3,226 177 150,48,0 1 -16
2C27,11303,Ⱗ,3,226 176 167,2C57,11351,ⱗ,3,226 177 151,48,0 1 -16
2C28,11304,Ⱘ,3,226 176 168,2C58,11352,ⱘ,3,226 177 152,48,0 1 -16
2C29,11305,Ⱙ,3,226 176 169,2C59,11353,ⱙ,3,226 177 153,48,0 1 -16
2C2A,11306,Ⱚ,3,226 176 170,2C5A,11354,ⱚ,3,226 177 154,48,0 1 -16
2C2B,11307,Ⱛ,3,226 176 171,2C5B,11355,ⱛ,3,226 177 155,48,0 1 -16
2C2C,11308,Ⱜ,3,226 176 172,2C5C,11356,ⱜ,3,226 177 156,48,0 1 -16
2C2D,11309,Ⱝ,3,226 176 173,2C5D,11357,ⱝ,3,226 177 157,48,0 1 -16
2C2E,11310,Ⱞ,3,226 176 174,2C5E,11358,ⱞ,3,226 177 158,48,0 1 -16
2C2F,11311,Ⱟ,3,226 176 175,2C5F,11359,ⱟ,3,226 177 159,48,0 1 -16
2C60,11360,Ⱡ,3,226 177 160,2C61,11361,ⱡ,3,226 177 161,1,0 0 1
2C62,11362,Ɫ,3,226 177 162,026B,619,ɫ,2,201 171,-10743,-25 -6 -162
2C63,11363,Ᵽ,3,226 177 163,1D7D,7549,ᵽ,3,225 181 189,-3814,-1 4 26
2C64,11364,Ɽ,3,226 177 164,027D,637,ɽ,2,201 189,-10727,-25 12 -164
2C67,11367,Ⱨ,3,226 177 167,2C68,11368,ⱨ,3,226 177 168,1,0 0 1
2C69,11369,Ⱪ,3,226 177 169,2C6A,11370,ⱪ,3,226 177 170,1,0 0 1
2C6B,11371,Ⱬ,3,226 177 171,2C6C,11372,ⱬ,3,226 177 172,1,0 0 1
2C6D,11373,Ɑ,3,226 177 173,0251,593,ɑ,2,201 145,-10780,-25 -32 -173
2C6E,11374,Ɱ,3,226 177 174,0271,625,ɱ,2,201 177,-10749,-25 0 -174
2C6F,11375,Ɐ,3,226 177 175,0250,592,ɐ,2,201 144,-10783,-25 -33 -175
2C70,11376,Ɒ,3,226 177 176,0252,594,ɒ,2,201 146,-10782,-25 -31 -176
2C72,11378,Ⱳ,3,226 177 178,2C73,11379,ⱳ,3,226 177 179,1,0 0 1
2C75,11381,Ⱶ,3,226 177 181,2C76,11382,ⱶ,3,226 177 182,1,0 0 1
2C7E,11390,Ȿ,3,226 177 190,023F,575,ȿ,2,200 191,-10815,-26 14 -190
2C7F,11391,Ɀ,3,226 177 191,0240,576,ɀ,2,201 128,-10815,-25 -49 -191
2C80,11392,Ⲁ,3,226 178 128,2C81,11393,ⲁ,3,226 178 129,1,0 0 1
2C82,11394,Ⲃ,3,226 178 130,2C83,11395,ⲃ,3,226 178 131,1,0 0 1
2C84,11396,Ⲅ,3,226 178 132,2C85,11397,ⲅ,3,226 178 133,1,0 0 1
2C86,11398,Ⲇ,3,226 178 134,2C87,11399,ⲇ,3,226 178 135,1,0 0 1
2C88,11400,Ⲉ,3,226 178 136,2C89,11401,ⲉ,3,226 178 137,1,0 0 1
2C8A,11402,Ⲋ,3,226 178 138,2C8B,11403,ⲋ,3,226 178 139,1,0 0 1
2C8C,11404,Ⲍ,3,226 178 140,2C8D,11405,ⲍ,3,226 178 141,1,0 0 1
2C8E,11406,Ⲏ,3,226 178 142,2C8F,11407,ⲏ,3,226 178 143,1,0 0 1
2C90,11408,Ⲑ,3,226 178 144,2C91,11409,ⲑ,3,226 178 145,1,0 0 1
2C92,11410,Ⲓ,3,226 178 146,2C93,11411,ⲓ,3,226 178 147,1,0 0 1
2C94,11412,Ⲕ,3,226 178 148,2C95,11413,ⲕ,3,226 178 149,1,0 0 1
2C96,11414,Ⲗ,3,226 178 150,2C97,11415,ⲗ,3,226 178 151,1,0 0 1
2C98,11416,Ⲙ,3,226 178 152,2C99,11417,ⲙ,3,226 178 153,1,0 0 1
2C9A,11418,Ⲛ,3,226 178 154,2C9B,11419,ⲛ,3,226 178 155,1,0 0 1
2C9C,11420,Ⲝ,3,226 178 156,2C9D,11421,ⲝ,3,226 178 157,1,0 0 1
2C9E,11422,Ⲟ,3,226 178 158,2C9F,11423,ⲟ,3,226 178 159,1,0 0 1
2CA0,11424,Ⲡ,3,226 178 160,2CA1,11425,ⲡ,3,226 178 161,1,0 0 1
2CA2,11426,Ⲣ,3,226 178 162,2CA3,11427,ⲣ,3,226 178 163,1,0 0 1
2CA4,11428,Ⲥ,3,226 178 164,2CA5,11429,ⲥ,3,226 178 165,1,0 0 1
2CA6,11430,Ⲧ,3,226 178 166,2CA7,11431,ⲧ,3,226 178 167,1,0 0 1
2CA8,11432,Ⲩ,3,226 178 168,2CA9,11433,ⲩ,3,226 178 169,1,0 0 1
2CAA,11434,Ⲫ,3,226 178 170,2CAB,11435,ⲫ,3,226 178 171,1,0 0 1
2CAC,11436,Ⲭ,3,226 178 172,2CAD,11437,ⲭ,3,226 178 173,1,0 0 1
2CAE,11438,Ⲯ,3,226 178 174,2CAF,11439,ⲯ,3,226 178 175,1,0 0 1
2CB0,11440,Ⲱ,3,226 178 176,2CB1,11441,ⲱ,3,226 178 177,1,0 0 1
2CB2,11442,Ⲳ,3,226 178 178,2CB3,11443,ⲳ,3,226 178 179,1,0 0 1
2CB4,11444,Ⲵ,3,226 178 180,2CB5,11445,ⲵ,3,226 178 181,1,0 0 1
2CB6,11446,Ⲷ,3,226 178 182,2CB7,11447,ⲷ,3,226 178 183,1,0 0 1
2CB8,11448,Ⲹ,3,226 178 184,2CB9,11449,ⲹ,3,226 178 185,1,0 0 1
2CBA,11450,Ⲻ,3,226 178 186,2CBB,11451,ⲻ,3,226 178 187,1,0 0 1
2CBC,11452,Ⲽ,3,226 178 188,2CBD,11453,ⲽ,3,226 178 189,1,0 0 1
2CBE,11454,Ⲿ,3,226 178 190,2CBF,11455,ⲿ,3,226 178 191,1,0 0 1
2CC0,11456,Ⳁ,3,226 179 128,2CC1,11457,ⳁ,3,226 179 129,1,0 0 1
2CC2,11458,Ⳃ,3,226 179 130,2CC3,11459,ⳃ,3,226 179 131,1,0 0 1
2CC4,11460,Ⳅ,3,226 179 132,2CC5,11461,ⳅ,3,226 179 133,1,0 0 1
2CC6,11462,Ⳇ,3,226 179 134,2CC7,11463,ⳇ,3,226 179 135,1,0 0 1
2CC8,11464,Ⳉ,3,226 179 136,2CC9,11465,ⳉ,3,226 179 137,1,0 0 1
2CCA,11466,Ⳋ,3,226 179 138,2CCB,11467,ⳋ,3,226 179 139,1,0 0 1
2CCC,11468,Ⳍ,3,226 179 140,2CCD,11469,ⳍ,3,226 179 141,1,0 0 1
2CCE,11470,Ⳏ,3,226 179 142,2CCF,11471,ⳏ,3,226 179 143,1,0 0 1
2CD0,11472,Ⳑ,3,226 179 144,2CD1,11473,ⳑ,3,226 179 145,1,0 0 1
2CD2,11474,Ⳓ,3,226 179 146,2CD3,11475,ⳓ,3,226 179 147,1,0 0 1
2CD4,11476,Ⳕ,3,226 179 148,2CD5,11477,ⳕ,3,226 179 149,1,0 0 1
2CD6,11478,Ⳗ,3,226 179 150,2CD7,11479,ⳗ,3,226 179 151,1,0 0 1
2CD8,11480,Ⳙ,3,226 179 152,2CD9,11481,ⳙ,3,226 179 153,1,0 0 1
2CDA,11482,Ⳛ,3,226 179 154,2CDB,11483,ⳛ,3,226 179 155,1,0 0 1
2CDC,11484,Ⳝ,3,226 179 156,2CDD,11485,ⳝ,3,226 179 157,1,0 0 1
2CDE,11486,Ⳟ,3,226 179 158,2CDF,11487,ⳟ,3,226 179 159,1,0 0 1
2CE0,11488,Ⳡ,3,226 179 160,2CE1,11489,ⳡ,3,226 179 161,1,0 0 1
2CE2,11490,Ⳣ,3,226 179 162,2CE3,11491,ⳣ,3,226 179 163,1,0 0 1
2CEB,11499,Ⳬ,3,226 179 171,2CEC,11500,ⳬ,3,226 179 172,1,0 0 1
2CED,11501,Ⳮ,3,226 179 173,2CEE,11502,ⳮ,3,226 179 174,1,0 0 1
2CF2,11506,Ⳳ,3,226 179 178,2CF3,11507,ⳳ,3,226 179 179,1,0 0 1
A640,42560,Ꙁ,3,234 153 128,A641,42561,ꙁ,3,234 153 129,1,0 0 1
A642,42562,Ꙃ,3,234 153 130,A643,42563,ꙃ,3,234 153 131,1,0 0 1
A644,42564,Ꙅ,3,234 153 132,A645,42565,ꙅ,3,234 153 133,1,0 0 1
A646,42566,Ꙇ,3,234 153 134,A647,42567,ꙇ,3,234 153 135,1,0 0 1
A648,42568,Ꙉ,3,234 153 136,A649,42569,ꙉ,3,234 153 137,1,0 0 1
A64A,42570,Ꙋ,3,234 153 138,A64B,42571,ꙋ,3,234 153 139,1,0 0 1
A64C,42572,Ꙍ,3,234 153 140,A64D,42573,ꙍ,3,234 153 141,1,0 0 1
A64E,42574,Ꙏ,3,234 153 142,A64F,42575,ꙏ,3,234 153 143,1,0 0 1
A650,42576,Ꙑ,3,234 153 144,A651,42577,ꙑ,3,234 153 145,1,0 0 1
A652,42578,Ꙓ,3,234 153 146,A653,42579,ꙓ,3,234 153 147,1,0 0 1
A654,42580,Ꙕ,3,234 153 148,A655,42581,ꙕ,3,234 153 149,1,0 0 1
A656,42582,Ꙗ,3,234 153 150,A657,42583,ꙗ,3,234 153 151,1,0 0 1
A658,42584,Ꙙ,3,234 153 152,A659,42585,ꙙ,3,234 153 153,1,0 0 1
A65A,42586,Ꙛ,3,234 153 154,A65B,42587,ꙛ,3,234 153 155,1,0 0 1
A65C,42588,Ꙝ,3,234 153 156,A65D,42589,ꙝ,3,234 153 157,1,0 0 1
A65E,42590,Ꙟ,3,234 153 158,A65F,42591,ꙟ,3,234 153 159,1,0 0 1
A660,42592,Ꙡ,3,234 153 160,A661,42593,ꙡ,3,234 153 161,1,0 0 1
A662,42594,Ꙣ,3,234 153 162,A663,42595,ꙣ,3,234 153 163,1,0 0 1
A664,42596,Ꙥ,3,234 153 164,A665,42597,ꙥ,3,234 153 165,1,0 0 1
A666,42598,Ꙧ,3,234 153 166,A667,42599,ꙧ,3,234 153 167,1,0 0 1
A668,42600,Ꙩ,3,234 153 168,A669,42601,ꙩ,3,234 153 169,1,0 0 1
A66A,42602,Ꙫ,3,234 153 170,A66B,42603,ꙫ,3,234 153 171,1,0 0 1
A66C,42604,Ꙭ,3,234 153 172,A66D,42605,ꙭ,3,234 153 173,1,0 0 1
A680,42624,Ꚁ,3,234 154 128,A681,42625,ꚁ,3,234 154 129,1,0 0 1
A682,42626,Ꚃ,3,234 154 130,A683,42627,ꚃ,3,234 154 131,1,0 0 1
A684,42628,Ꚅ,3,234 154 132,A685,42629,ꚅ,3,234 154 133,1,0 0 1
A686,42630,Ꚇ,3,234 154 134,A687,42631,ꚇ,3,234 154 135,1,0 0 1
A688,42632,Ꚉ,3,234 154 136,A689,42633,ꚉ,3,234 154 137,1,0 0 1
A68A,42634,Ꚋ,3,234 154 138,A68B,42635,ꚋ,3,234 154 139,1,0 0 1
A68C,42636,Ꚍ,3,234 154 140,A68D,42637,ꚍ,3,234 154 141,1,0 0 1
A68E,42638,Ꚏ,3,234 154 142,A68F,42639,ꚏ,3,234 154 143,1,0 0 1
A690,42640,Ꚑ,3,234 154 144,A691,42641,ꚑ,3,234 154 145,1,0 0 1
A692,42642,Ꚓ,3,234 154 146,A693,42643,ꚓ,3,234 154 147,1,0 0 1
A694,42644,Ꚕ,3,234 154 148,A695,42645,ꚕ,3,234 154 149,1,0 0 1
A696,42646,Ꚗ,3,234 154 150,A697,42647,ꚗ,3,234 154 151,1,0 0 1
A698,42648,Ꚙ,3,234 154 152,A699,42649,ꚙ,3,234 154 153,1,0 0 1
A69A,42650,Ꚛ,3,234 154 154,A69B,42651,ꚛ,3,234 154 155,1,0 0 1
A722,42786,Ꜣ,3,234 156 162,A723,42787,ꜣ,3,234 156 163,1,0 0 1
A724,42788,Ꜥ,3,234 156 164,A725,42789,ꜥ,3,234 156 165,1,0 0 1
A726,42790,Ꜧ,3,234 156 166,A727,42791,ꜧ,3,234 156 167,1,0 0 1
A728,42792,Ꜩ,3,234 156 168,A729,42793,ꜩ,3,234 156 169,1,0 0 1
A72A,42794,Ꜫ,3,234 156 170,A72B,42795,ꜫ,3,234 156 171,1,0 0 1
A72C,42796,Ꜭ,3,234 156 172,A72D,42797,ꜭ,3,234 156 173,1,0 0 1
A72E,42798,Ꜯ,3,234 156 174,A72F,42799,ꜯ,3,234 156 175,1,0 0 1
A732,42802,Ꜳ,3,234 156 178,A733,42803,ꜳ,3,234 156 179,1,0 0 1
A734,42804,Ꜵ,3,234 156 180,A735,42805,ꜵ,3,234 156 181,1,0 0 1
A736,42806,Ꜷ,3,234 156 182,A737,42807,ꜷ,3,234 156 183,1,0 0 1
A738,42808,Ꜹ,3,234 156 184,A739,42809,ꜹ,3,234 156 185,1,0 0 1
A73A,42810,Ꜻ,3,234 156 186,A73B,42811,ꜻ,3,234 156 187,1,0 0 1
A73C,42812,Ꜽ,3,234 156 188,A73D,42813,ꜽ,3,234 156 189,1,0 0 1
A73E,42814,Ꜿ,3,234 156 190,A73F,42815,ꜿ,3,234 156 191,1,0 0 1
A740,42816,Ꝁ,3,234 157 128,A741,42817,ꝁ,3,234 157 129,1,0 0 1
A742,42818,Ꝃ,3,234 157 130,A743,42819,ꝃ,3,234 157 131,1,0 0 1
A744,42820,Ꝅ,3,234 157 132,A745,42821,ꝅ,3,234 157 133,1,0 0 1
A746,42822,Ꝇ,3,234 157 134,A747,42823,ꝇ,3,234 157 135,1,0 0 1
A748,42824,Ꝉ,3,234 157 136,A749,42825,ꝉ,3,234 157 137,1,0 0 1
A74A,42826,Ꝋ,3,234 157 138,A74B,42827,ꝋ,3,234 157 139,1,0 0 1
A74C,42828,Ꝍ,3,234 157 140,A74D,42829,ꝍ,3,234 157 141,1,0 0 1
A74E,42830,Ꝏ,3,234 157 142,A74F,42831,ꝏ,3,234 157 143,1,0 0 1
A750,42832,Ꝑ,3,234 157 144,A751,42833,ꝑ,3,234 157 145,1,0 0 1
A752,42834,Ꝓ,3,234 157 146,A753,42835,ꝓ,3,234 157 147,1,0 0 1
A754,42836,Ꝕ,3,234 157 148,A755,42837,ꝕ,3,234 157 149,1,0 0 1
A756,42838,Ꝗ,3,234 157 150,A757,42839,ꝗ,3,234 157 151,1,0 0 1
A758,42840,Ꝙ,3,234 157 152,A759,42841,ꝙ,3,234 157 153,1,0 0 1
A75A,42842,Ꝛ,3,234 157 154,A75B,42843,ꝛ,3,234 157 155,1,0 0 1
A75C,42844,Ꝝ,3,234 157 156,A75D,42845,ꝝ,3,234 157 157,1,0 0 1
A75E,42846,Ꝟ,3,234 157 158,A75F,42847,ꝟ,3,234 157 159,1,0 0 1
A760,42848,Ꝡ,3,234 157 160,A761,42849,ꝡ,3,234 157 161,1,0 0 1
A762,42850,Ꝣ,3,234 157 162,A763,42851,ꝣ,3,234 157 163,1,0 0 1
A764,42852,Ꝥ,3,234 157 164,A765,42853,ꝥ,3,234 157 165,1,0 0 1
A766,42854,Ꝧ,3,234 157 166,A767,42855,ꝧ,3,234 157 167,1,0 0 1
A768,42856,Ꝩ,3,234 157 168,A769,42857,ꝩ,3,234 157 169,1,0 0 1
A76A,42858,Ꝫ,3,234 157 170,A76B,42859,ꝫ,3,234 157 171,1,0 0 1
A76C,42860,Ꝭ,3,234 157 172,A76D,42861,ꝭ,3,234 157 173,1,0 0 1
A76E,42862,Ꝯ,3,234 157 174,A76F,42863,ꝯ,3,234 157 175,1,0 0 1
A779,42873,Ꝺ,3,234 157 185,A77A,42874,ꝺ,3,234 157 186,1,0 0 1
A77B,42875,Ꝼ,3,234 157 187,A77C,42876,ꝼ,3,234 157 188,1,0 0 1
A77D,42877,Ᵹ,3,234 157 189,1D79,7545,ᵹ,3,225 181 185,-35332,-9 24 -4
A77E,42878,Ꝿ,3,234 157 190,A77F,42879,ꝿ,3,234 157 191,1,0 0 1
A780,42880,Ꞁ,3,234 158 128,A781,42881,ꞁ,3,234 158 129,1,0 0 1
A782,42882,Ꞃ,3,234 158 130,A783,42883,ꞃ,3,234 158 131,1,0 0 1
A784,42884,Ꞅ,3,234 158 132,A785,42885,ꞅ,3,234 158 133,1,0 0 1
A786,42886,Ꞇ,3,234 158 134,A787,42887,ꞇ,3,234 158 135,1,0 0 1
A78B,42891,Ꞌ,3,234 158 139,A78C,42892,ꞌ,3,234 158 140,1,0 0 1
A78D,42893,Ɥ,3,234 158 141,0265,613,ɥ,2,201 165,-42280,-33 7 -141
A790,42896,Ꞑ,3,234 158 144,A791,42897,ꞑ,3,234 158 145,1,0 0 1
A792,42898,Ꞓ,3,234 158 146,A793,42899,ꞓ,3,234 158 147,1,0 0 1
A796,42902,Ꞗ,3,234 158 150,A797,42903,ꞗ,3,234 158 151,1,0 0 1
A798,42904,Ꞙ,3,234 158 152,A799,42905,ꞙ,3,234 158 153,1,0 0 1
A79A,42906,Ꞛ,3,234 158 154,A79B,42907,ꞛ,3,234 158 155,1,0 0 1
A79C,42908,Ꞝ,3,234 158 156,A79D,42909,ꞝ,3,234 158 157,1,0 0 1
A79E,42910,Ꞟ,3,234 158 158,A79F,42911,ꞟ,3,234 158 159,1,0 0 1
A7A0,42912,Ꞡ,3,234 158 160,A7A1,42913,ꞡ,3,234 158 161,1,0 0 1
A7A2,42914,Ꞣ,3,234 158 162,A7A3,42915,ꞣ,3,234 158 163,1,0 0 1
A7A4,42916,Ꞥ,3,234 158 164,A7A5,42917,ꞥ,3,234 158 165,1,0 0 1
A7A6,42918,Ꞧ,3,234 158 166,A7A7,42919,ꞧ,3,234 158 167,1,0 0 1
A7A8,42920,Ꞩ,3,234 158 168,A7A9,42921,ꞩ,3,234 158 169,1,0 0 1
A7AA,42922,Ɦ,3,234 158 170,0266,614,ɦ,2,201 166,-42308,-33 8 -170
A7AB,42923,Ɜ,3,234 158 171,025C,604,ɜ,2,201 156,-42319,-33 -2 -171
A7AC,42924,Ɡ,3,234 158 172,0261,609,ɡ,2,201 161,-42315,-33 3 -172
A7AD,42925,Ɬ,3,234 158 173,026C,620,ɬ,2,201 172,-42305,-33 14 -173
A7AE,42926,Ɪ,3,234 158 174,026A,618,ɪ,2,201 170,-42308,-33 12 -174
A7B0,42928,Ʞ,3,234 158 176,029E,670,ʞ,2,202 158,-42258,-32 0 -176
A7B1,42929,Ʇ,3,234 158 177,0287,647,ʇ,2,202 135,-42282,-32 -23 -177
A7B2,42930,Ʝ,3,234 158 178,029D,669,ʝ,2,202 157,-42261,-32 -1 -178
A7B3,42931,Ꭓ,3,234 158 179,AB53,43859,ꭓ,3,234 173 147,928,0 15 -32
A7B4,42932,Ꞵ,3,234 158 180,A7B5,42933,ꞵ,3,234 158 181,1,0 0 1
A7B6,42934,Ꞷ,3,234 158 182,A7B7,42935,ꞷ,3,234 158 183,1,0 0 1
A7B8,42936,Ꞹ,3,234 158 184,A7B9,42937,ꞹ,3,234 158 185,1,0 0 1
A7BA,42938,Ꞻ,3,234 158 186,A7BB,42939,ꞻ,3,234 158 187,1,0 0 1
A7BC,42940,Ꞽ,3,234 158 188,A7BD,42941,ꞽ,3,234 158 189,1,0 0 1
A7BE,42942,Ꞿ,3,234 158 190,A7BF,42943,ꞿ,3,234 158 191,1,0 0 1
A7C0,42944,Ꟁ,3,234 159 128,A7C1,42945,ꟁ,3,234 159 129,1,0 0 1
A7C2,42946,Ꟃ,3,234 159 130,A7C3,42947,ꟃ,3,234 159 131,1,0 0 1
A7C4,42948,Ꞔ,3,234 159 132,A794,42900,ꞔ,3,234 158 148,-48,0 -1 16
A7C5,42949,Ʂ,3,234 159 133,0282,642,ʂ,2,202 130,-42307,-32 -29 -133
A7C6,42950,Ᶎ,3,234 159 134,1D8E,7566,ᶎ,3,225 182 142,-35384,-9 23 8
A7C7,42951,Ꟈ,3,234 159 135,A7C8,42952,ꟈ,3,234 159 136,1,0 0 1
A7C9,42953,Ꟊ,3,234 159 137,A7CA,42954,ꟊ,3,234 159 138,1,0 0 1
A7D0,42960,Ꟑ,3,234 159 144,A7D1,42961,ꟑ,3,234 159 145,1,0 0 1
A7D6,42966,Ꟗ,3,234 159 150,A7D7,42967,ꟗ,3,234 159 151,1,0 0 1
A7D8,42968,Ꟙ,3,234 159 152,A7D9,42969,ꟙ,3,234 159 153,1,0 0 1
A7F5,42997,Ꟶ,3,234 159 181,A7F6,42998,ꟶ,3,234 159 182,1,0 0 1
FF21,65313,Ａ,3,239 188 161,FF41,65345,ａ,3,239 189 129,32,0 1 -32
FF22,65314,Ｂ,3,239 188 162,FF42,65346,ｂ,3,239 189 130,32,0 1 -32
FF23,65315,Ｃ,3,239 188 163,FF43,65347,ｃ,3,239 189 131,32,0 1 -32
FF24,65316,Ｄ,3,239 188 164,FF44,65348,ｄ,3,239 189 132,32,0 1 -32
FF25,65317,Ｅ,3,239 188 165,FF45,65349,ｅ,3,239 189 133,32,0 1 -32
FF26,65318,Ｆ,3,239 188 166,FF46,65350,ｆ,3,239 189 134,32,0 1 -32
FF27,65319,Ｇ,3,239 188 167,FF47,65351,ｇ,3,239 189 135,32,0 1 -32
FF28,65320,Ｈ,3,239 188 168,FF48,65352,ｈ,3,239 189 136,32,0 1 -32
FF29,65321,Ｉ,3,239 188 169,FF49,65353,ｉ,3,239 189 137,32,0 1 -32
FF2A,65322,Ｊ,3,239 188 170,FF4A,65354,ｊ,3,239 189 138,32,0 1 -32
FF2B,65323,Ｋ,3,239 188 171,FF4B,65355,ｋ,3,239 189 139,32,0 1 -32
FF2C,65324,Ｌ,3,239 188 172,FF4C,65356,ｌ,3,239 189 140,32,0 1 -32
FF2D,65325,Ｍ,3,239 188 173,FF4D,65357,ｍ,3,239 189 141,32,0 1 -32
FF2E,65326,Ｎ,3,239 188 174,FF4E,65358,ｎ,3,239 189 142,32,0 1 -32
FF2F,65327,Ｏ,3,239 188 175,FF4F,65359,ｏ,3,239 189 143,32,0 1 -32
FF30,65328,Ｐ,3,239 188 176,FF50,65360,ｐ,3,239 189 144,32,0 1 -32
FF31,65329,Ｑ,3,239 188 177,FF51,65361,ｑ,3,239 189 145,32,0 1 -32
FF32,65330,Ｒ,3,239 188 178,FF52,65362,ｒ,3,239 189 146,32,0 1 -32
FF33,65331,Ｓ,3,239 188 179,FF53,65363,ｓ,3,239 189 147,32,0 1 -32
FF34,65332,Ｔ,3,239 188 180,FF54,65364,ｔ,3,239 189 148,32,0 1 -32
FF35,65333,Ｕ,3,239 188 181,FF55,65365,ｕ,3,239 189 149,32,0 1 -32
FF36,65334,Ｖ,3,239 188 182,FF56,65366,ｖ,3,239 189 150,32,0 1 -32
FF37,65335,Ｗ,3,239 188 183,FF57,65367,ｗ,3,239 189 151,32,0 1 -32
FF38,65336,Ｘ,3,239 188 184,FF58,65368,ｘ,3,239 189 152,32,0 1 -32
FF39,65337,Ｙ,3,239 188 185,FF59,65369,ｙ,3,239 189 153,32,0 1 -32
FF3A,65338,Ｚ,3,239 188 186,FF5A,65370,ｚ,3,239 189 154,32,0 1 -32
10400,66560,𐐀,4,240 144 144 128,10428,66600,𐐨,4,240 144 144 168,40,0 0 0 40
10401,66561,𐐁,4,240 144 144 129,10429,66601,𐐩,4,240 144 144 169,40,0 0 0 40
10402,66562,𐐂,4,240 144 144 130,1042A,66602,𐐪,4,240 144 144 170,40,0 0 0 40
10403,66563,𐐃,4,240 144 144 131,1042B,66603,𐐫,4,240 144 144 171,40,0 0 0 40
10404,66564,𐐄,4,240 144 144 132,1042C,66604,𐐬,4,240 144 144 172,40,0 0 0 40
10405,66565,𐐅,4,240 144 144 133,1042D,66605,𐐭,4,240 144 144 173,40,0 0 0 40
10406,66566,𐐆,4,240 144 144 134,1042E,66606,𐐮,4,240 144 144 174,40,0 0 0 40
10407,66567,𐐇,4,240 144 144 135,1042F,66607,𐐯,4,240 144 144 175,40,0 0 0 40
10408,66568,𐐈,4,240 144 144 136,10430,66608,𐐰,4,240 144 144 176,40,0 0 0 40
10409,66569,𐐉,4,240 144 144 137,10431,66609,𐐱,4,240 144 144 177,40,0 0 0 40
1040A,66570,𐐊,4,240 144 144 138,10432,66610,𐐲,4,240 144 144 178,40,0 0 0 40
1040B,66571,𐐋,4,240 144 144 139,10433,66611,𐐳,4,240 144 144 179,40,0 0 0 40
1040C,66572,𐐌,4,240 144 144 140,10434,66612,𐐴,4,240 144 144 180,40,0 0 0 40
1040D,66573,𐐍,4,240 144 144 141,10435,66613,𐐵,4,240 144 144 181,40,0 0 0 40
1040E,66574,𐐎,4,240 144 144 142,10436,66614,𐐶,4,240 144 144 182,40,0 0 0 40
1040F,66575,𐐏,4,240 144 144 143,10437,66615,𐐷,4,240 144 144 183,40,0 0 0 40
10410,66576,𐐐,4,240 144 144 144,10438,66616,𐐸,4,240 144 144 184,40,0 0 0 40
10411,66577,𐐑,4,240 144 144 145,10439,66617,𐐹,4,240 144 144 185,40,0 0 0 40
10412,66578,𐐒,4,240 144 144 146,1043A,66618,𐐺,4,240 144 144 186,40,0 0 0 40
10413,66579,𐐓,4,240 144 144 147,1043B,66619,𐐻,4,240 144 144 187,40,0 0 0 40
10414,66580,𐐔,4,240 144 144 148,1043C,66620,𐐼,4,240 144 144 188,40,0 0 0 40
10415,66581,𐐕,4,240 144 144 149,1043D,66621,𐐽,4,240 144 144 189,40,0 0 0 40
10416,66582,𐐖,4,240 144 144 150,1043E,66622,𐐾,4,240 144 144 190,40,0 0 0 40
10417,66583,𐐗,4,240 144 144 151,1043F,66623,𐐿,4,240 144 144 191,40,0 0 0 40
10418,66584,𐐘,4,240 144 144 152,10440,66624,𐑀,4,240 144 145 128,40,0 0 1 -24
10419,66585,𐐙,4,240 144 144 153,10441,66625,𐑁,4,240 144 145 129,40,0 0 1 -24
1041A,66586,𐐚,4,240 144 144 154,10442,66626,𐑂,4,240 144 145 130,40,0 0 1 -24
1041B,66587,𐐛,4,240 144 144 155,10443,66627,𐑃,4,240 144 145 131,40,0 0 1 -24
1041C,66588,𐐜,4,240 144 144 156,10444,66628,𐑄,4,240 144 145 132,40,0 0 1 -24
1041D,66589,𐐝,4,240 144 144 157,10445,66629,𐑅,4,240 144 145 133,40,0 0 1 -24
1041E,66590,𐐞,4,240 144 144 158,10446,66630,𐑆,4,240 144 145 134,40,0 0 1 -24
1041F,66591,𐐟,4,240 144 144 159,10447,66631,𐑇,4,240 144 145 135,40,0 0 1 -24
10420,66592,𐐠,4,240 144 144 160,10448,66632,𐑈,4,240 144 145 136,40,0 0 1 -24
10421,66593,𐐡,4,240 144 144 161,10449,66633,𐑉,4,240 144 145 137,40,0 0 1 -24
10422,66594,𐐢,4,240 144 144 162,1044A,66634,𐑊,4,240 144 145 138,40,0 0 1 -24
10423,66595,𐐣,4,240 144 144 163,1044B,66635,𐑋,4,240 144 145 139,40,0 0 1 -24
10424,66596,𐐤,4,240 144 144 164,1044C,66636,𐑌,4,240 144 145 140,40,0 0 1 -24
10425,66597,𐐥,4,240 144 144 165,1044D,66637,𐑍,4,240 144 145 141,40,0 0 1 -24
10426,66598,𐐦,4,240 144 144 166,1044E,66638,𐑎,4,240 144 145 142,40,0 0 1 -24
10427,66599,𐐧,4,240 144 144 167,1044F,66639,𐑏,4,240 144 145 143,40,0 0 1 -24
104B0,66736,𐒰,4,240 144 146 176,104D8,66776,𐓘,4,240 144 147 152,40,0 0 1 -24
104B1,66737,𐒱,4,240 144 146 177,104D9,66777,𐓙,4,240 144 147 153,40,0 0 1 -24
104B2,66738,𐒲,4,240 144 146 178,104DA,66778,𐓚,4,240 144 147 154,40,0 0 1 -24
104B3,66739,𐒳,4,240 144 146 179,104DB,66779,𐓛,4,240 144 147 155,40,0 0 1 -24
104B4,66740,𐒴,4,240 144 146 180,104DC,66780,𐓜,4,240 144 147 156,40,0 0 1 -24
104B5,66741,𐒵,4,240 144 146 181,104DD,66781,𐓝,4,240 144 147 157,40,0 0 1 -24
104B6,66742,𐒶,4,240 144 146 182,104DE,66782,𐓞,4,240 144 147 158,40,0 0 1 -24
104B7,66743,𐒷,4,240 144 146 183,104DF,66783,𐓟,4,240 144 147 159,40,0 0 1 -24
104B8,66744,𐒸,4,240 144 146 184,104E0,66784,𐓠,4,240 144 147 160,40,0 0 1 -24
104B9,66745,𐒹,4,240 144 146 185,104E1,66785,𐓡,4,240 144 147 161,40,0 0 1 -24
104BA,66746,𐒺,4,240 144 146 186,104E2,66786,𐓢,4,240 144 147 162,40,0 0 1 -24
104BB,66747,𐒻,4,240 144 146 187,104E3,66787,𐓣,4,240 144 147 163,40,0 0 1 -24
104BC,66748,𐒼,4,240 144 146 188,104E4,66788,𐓤,4,240 144 147 164,40,0 0 1 -24
104BD,66749,𐒽,4,240 144 146 189,104E5,66789,𐓥,4,240 144 147 165,40,0 0 1 -24
104BE,66750,𐒾,4,240 144 146 190,104E6,66790,𐓦,4,240 144 147 166,40,0 0 1 -24
104BF,66751,𐒿,4,240 144 146 191,104E7,66791,𐓧,4,240 144 147 167,40,0 0 1 -24
104C0,66752,𐓀,4,240 144 147 128,104E8,66792,𐓨,4,240 144 147 168,40,0 0 0 40
104C1,66753,𐓁,4,240 144 147 129,104E9,66793,𐓩,4,240 144 147 169,40,0 0 0 40
104C2,66754,𐓂,4,240 144 147 130,104EA,66794,𐓪,4,240 144 147 170,40,0 0 0 40
104C3,66755,𐓃,4,240 144 147 131,104EB,66795,𐓫,4,240 144 147 171,40,0 0 0 40
104C4,66756,𐓄,4,240 144 147 132,104EC,66796,𐓬,4,240 144 147 172,40,0 0 0 40
104C5,66757,𐓅,4,240 144 147 133,104ED,66797,𐓭,4,240 144 147 173,40,0 0 0 40
104C6,66758,𐓆,4,240 144 147 134,104EE,66798,𐓮,4,240 144 147 174,40,0 0 0 40
104C7,66759,𐓇,4,240 144 147 135,104EF,66799,𐓯,4,240 144 147 175,40,0 0 0 40
104C8,66760,𐓈,4,240 144 147 136,104F0,66800,𐓰,4,240 144 147 176,40,0 0 0 40
104C9,66761,𐓉,4,240 144 147 137,104F1,66801,𐓱,4,240 144 147 177,40,0 0 0 40
104CA,66762,𐓊,4,240 144 147 138,104F2,66802,𐓲,4,240 144 147 178,40,0 0 0 40
104CB,66763,𐓋,4,240 144 147 139,104F3,66803,𐓳,4,240 144 147 179,40,0 0 0 40
104CC,66764,𐓌,4,240 144 147 140,104F4,66804,𐓴,4,240 144 147 180,40,0 0 0 40
104CD,66765,𐓍,4,240 144 147 141,104F5,66805,𐓵,4,240 144 147 181,40,0 0 0 40
104CE,66766,𐓎,4,240 144 147 142,104F6,66806,𐓶,4,240 144 147 182,40,0 0 0 40
104CF,66767,𐓏,4,240 144 147 143,104F7,66807,𐓷,4,240 144 147 183,40,0 0 0 40
104D0,66768,𐓐,4,240 144 147 144,104F8,66808,𐓸,4,240 144 147 184,40,0 0 0 40
104D1,66769,𐓑,4,240 144 147 145,104F9,66809,𐓹,4,240 144 147 185,40,0 0 0 40
104D2,66770,𐓒,4,240 144 147 146,104FA,66810,𐓺,4,240 144 147 186,40,0 0 0 40
104D3,66771,𐓓,4,240 144 147 147,104FB,66811,𐓻,4,240 144 147 187,40,0 0 0 40
10570,66928,𐕰,4,240 144 149 176,10597,66967,𐖗,4,240 144 150 151,39,0 0 1 -25
10571,66929,𐕱,4,240 144 149 177,10598,66968,𐖘,4,240 144 150 152,39,0 0 1 -25
10572,66930,𐕲,4,240 144 149 178,10599,66969,𐖙,4,240 144 150 153,39,0 0 1 -25
10573,66931,𐕳,4,240 144 149 179,1059A,66970,𐖚,4,240 144 150 154,39,0 0 1 -25
10574,66932,𐕴,4,240 144 149 180,1059B,66971,𐖛,4,240 144 150 155,39,0 0 1 -25
10575,66933,𐕵,4,240 144 149 181,1059C,66972,𐖜,4,240 144 150 156,39,0 0 1 -25
10576,66934,𐕶,4,240 144 149 182,1059D,66973,𐖝,4,240 144 150 157,39,0 0 1 -25
10577,66935,𐕷,4,240 144 149 183,1059E,66974,𐖞,4,240 144 150 158,39,0 0 1 -25
10578,66936,𐕸,4,240 144 149 184,1059F,66975,𐖟,4,240 144 150 159,39,0 0 1 -25
10579,66937,𐕹,4,240 144 149 185,105A0,66976,𐖠,4,240 144 150 160,39,0 0 1 -25
1057A,66938,𐕺,4,240 144 149 186,105A1,66977,𐖡,4,240 144 150 161,39,0 0 1 -25
1057C,66940,𐕼,4,240 144 149 188,105A3,66979,𐖣,4,240 144 150 163,39,0 0 1 -25
1057D,66941,𐕽,4,240 144 149 189,105A4,66980,𐖤,4,240 144 150 164,39,0 0 1 -25
1057E,66942,𐕾,4,240 144 149 190,105A5,66981,𐖥,4,240 144 150 165,39,0 0 1 -25
1057F,66943,𐕿,4,240 144 149 191,105A6,66982,𐖦,4,240 144 150 166,39,0 0 1 -25
10580,66944,𐖀,4,240 144 150 128,105A7,66983,𐖧,4,240 144 150 167,39,0 0 0 39
10581,66945,𐖁,4,240 144 150 129,105A8,66984,𐖨,4,240 144 150 168,39,0 0 0 39
10582,66946,𐖂,4,240 144 150 130,105A9,66985,𐖩,4,240 144 150 169,39,0 0 0 39
10583,66947,𐖃,4,240 144 150 131,105AA,66986,𐖪,4,240 144 150 170,39,0 0 0 39
10584,66948,𐖄,4,240 144 150 132,105AB,66987,𐖫,4,240 144 150 171,39,0 0 0 39
10585,66949,𐖅,4,240 144 150 133,105AC,66988,𐖬,4,240 144 150 172,39,0 0 0 39
10586,66950,𐖆,4,240 144 150 134,105AD,66989,𐖭,4,240 144 150 173,39,0 0 0 39
10587,66951,𐖇,4,240 144 150 135,105AE,66990,𐖮,4,240 144 150 174,39,0 0 0 39
10588,66952,𐖈,4,240 144 150 136,105AF,66991,𐖯,4,240 144 150 175,39,0 0 0 39
10589,66953,𐖉,4,240 144 150 137,105B0,66992,𐖰,4,240 144 150 176,39,0 0 0 39
1058A,66954,𐖊,4,240 144 150 138,105B1,66993,𐖱,4,240 144 150 177,39,0 0 0 39
1058C,66956,𐖌,4,240 144 150 140,105B3,66995,𐖳,4,240 144 150 179,39,0 0 0 39
1058D,66957,𐖍,4,240 144 150 141,105B4,66996,𐖴,4,240 144 150 180,39,0 0 0 39
1058E,66958,𐖎,4,240 144 150 142,105B5,66997,𐖵,4,240 144 150 181,39,0 0 0 39
1058F,66959,𐖏,4,240 144 150 143,105B6,66998,𐖶,4,240 144 150 182,39,0 0 0 39
10590,66960,𐖐,4,240 144 150 144,105B7,66999,𐖷,4,240 144 150 183,39,0 0 0 39
10591,66961,𐖑,4,240 144 150 145,105B8,67000,𐖸,4,240 144 150 184,39,0 0 0 39
10592,66962,𐖒,4,240 144 150 146,105B9,67001,𐖹,4,240 144 150 185,39,0 0 0 39
10594,66964,𐖔,4,240 144 150 148,105BB,67003,𐖻,4,240 144 150 187,39,0 0 0 39
10595,66965,𐖕,4,240 144 150 149,105BC,67004,𐖼,4,240 144 150 188,39,0 0 0 39
10C80,68736,𐲀,4,240 144 178 128,10CC0,68800,𐳀,4,240 144 179 128,64,0 0 1 0
10C81,68737,𐲁,4,240 144 178 129,10CC1,68801,𐳁,4,240 144 179 129,64,0 0 1 0
10C82,68738,𐲂,4,240 144 178 130,10CC2,68802,𐳂,4,240 144 179 130,64,0 0 1 0
10C83,68739,𐲃,4,240 144 178 131,10CC3,68803,𐳃,4,240 144 179 131,64,0 0 1 0
10C84,68740,𐲄,4,240 144 178 132,10CC4,68804,𐳄,4,240 144 179 132,64,0 0 1 0
10C85,68741,𐲅,4,240 144 178 133,10CC5,68805,𐳅,4,240 144 179 133,64,0 0 1 0
10C86,68742,𐲆,4,240 144 178 134,10CC6,68806,𐳆,4,240 144 179 134,64,0 0 1 0
10C87,68743,𐲇,4,240 144 178 135,10CC7,68807,𐳇,4,240 144 179 135,64,0 0 1 0
10C88,68744,𐲈,4,240 144 178 136,10CC8,68808,𐳈,4,240 144 179 136,64,0 0 1 0
10C89,68745,𐲉,4,240 144 178 137,10CC9,68809,𐳉,4,240 144 179 137,64,0 0 1 0
10C8A,68746,𐲊,4,240 144 178 138,10CCA,68810,𐳊,4,240 144 179 138,64,0 0 1 0
10C8B,68747,𐲋,4,240 144 178 139,10CCB,68811,𐳋,4,240 144 179 139,64,0 0 1 0
10C8C,68748,𐲌,4,240 144 178 140,10CCC,68812,𐳌,4,240 144 179 140,64,0 0 1 0
10C8D,68749,𐲍,4,240 144 178 141,10CCD,68813,𐳍,4,240 144 179 141,64,0 0 1 0
10C8E,68750,𐲎,4,240 144 178 142,10CCE,68814,𐳎,4,240 144 179 142,64,0 0 1 0
10C8F,68751,𐲏,4,240 144 178 143,10CCF,68815,𐳏,4,240 144 179 143,64,0 0 1 0
10C90,68752,𐲐,4,240 144 178 144,10CD0,68816,𐳐,4,240 144 179 144,64,0 0 1 0
10C91,68753,𐲑,4,240 144 178 145,10CD1,68817,𐳑,4,240 144 179 145,64,0 0 1 0
10C92,68754,𐲒,4,240 144 178 146,10CD2,68818,𐳒,4,240 144 179 146,64,0 0 1 0
10C93,68755,𐲓,4,240 144 178 147,10CD3,68819,𐳓,4,240 144 179 147,64,0 0 1 0
10C94,68756,𐲔,4,240 144 178 148,10CD4,68820,𐳔,4,240 144 179 148,64,0 0 1 0
10C95,68757,𐲕,4,240 144 178 149,10CD5,68821,𐳕,4,240 144 179 149,64,0 0 1 0
10C96,68758,𐲖,4,240 144 178 150,10CD6,68822,𐳖,4,240 144 179 150,64,0 0 1 0
10C97,68759,𐲗,4,240 144 178 151,10CD7,68823,𐳗,4,240 144 179 151,64,0 0 1 0
10C98,68760,𐲘,4,240 144 178 152,10CD8,68824,𐳘,4,240 144 179 152,64,0 0 1 0
10C99,68761,𐲙,4,240 144 178 153,10CD9,68825,𐳙,4,240 144 179 153,64,0 0 1 0
10C9A,68762,𐲚,4,240 144 178 154,10CDA,68826,𐳚,4,240 144 179 154,64,0 0 1 0
10C9B,68763,𐲛,4,240 144 178 155,10CDB,68827,𐳛,4,240 144 179 155,64,0 0 1 0
10C9C,68764,𐲜,4,240 144 178 156,10CDC,68828,𐳜,4,240 144 179 156,64,0 0 1 0
10C9D,68765,𐲝,4,240 144 178 157,10CDD,68829,𐳝,4,240 144 179 157,64,0 0 1 0
10C9E,68766,𐲞,4,240 144 178 158,10CDE,68830,𐳞,4,240 144 179 158,64,0 0 1 0
10C9F,68767,𐲟,4,240 144 178 159,10CDF,68831,𐳟,4,240 144 179 159,64,0 0 1 0
10CA0,68768,𐲠,4,240 144 178 160,10CE0,68832,𐳠,4,240 144 179 160,64,0 0 1 0
10CA1,68769,𐲡,4,240 144 178 161,10CE1,68833,𐳡,4,240 144 179 161,64,0 0 1 0
10CA2,68770,𐲢,4,240 144 178 162,10CE2,68834,𐳢,4,240 144 179 162,64,0 0 1 0
10CA3,68771,𐲣,4,240 144 178 163,10CE3,68835,𐳣,4,240 144 179 163,64,0 0 1 0
10CA4,68772,𐲤,4,240 144 178 164,10CE4,68836,𐳤,4,240 144 179 164,64,0 0 1 0
10CA5,68773,𐲥,4,240 144 178 165,10CE5,68837,𐳥,4,240 144 179 165,64,0 0 1 0
10CA6,68774,𐲦,4,240 144 178 166,10CE6,68838,𐳦,4,240 144 179 166,64,0 0 1 0
10CA7,68775,𐲧,4,240 144 178 167,10CE7,68839,𐳧,4,240 144 179 167,64,0 0 1 0
10CA8,68776,𐲨,4,240 144 178 168,10CE8,68840,𐳨,4,240 144 179 168,64,0 0 1 0
10CA9,68777,𐲩,4,240 144 178 169,10CE9,68841,𐳩,4,240 144 179 169,64,0 0 1 0
10CAA,68778,𐲪,4,240 144 178 170,10CEA,68842,𐳪,4,240 144 179 170,64,0 0 1 0
10CAB,68779,𐲫,4,240 144 178 171,10CEB,68843,𐳫,4,240 144 179 171,64,0 0 1 0
10CAC,68780,𐲬,4,240 144 178 172,10CEC,68844,𐳬,4,240 144 179 172,64,0 0 1 0
10CAD,68781,𐲭,4,240 144 178 173,10CED,68845,𐳭,4,240 144 179 173,64,0 0 1 0
10CAE,68782,𐲮,4,240 144 178 174,10CEE,68846,𐳮,4,240 144 179 174,64,0 0 1 0
10CAF,68783,𐲯,4,240 144 178 175,10CEF,68847,𐳯,4,240 144 179 175,64,0 0 1 0
10CB0,68784,𐲰,4,240 144 178 176,10CF0,68848,𐳰,4,240 144 179 176,64,0 0 1 0
10CB1,68785,𐲱,4,240 144 178 177,10CF1,68849,𐳱,4,240 144 179 177,64,0 0 1 0
10CB2,68786,𐲲,4,240 144 178 178,10CF2,68850,𐳲,4,240 144 179 178,64,0 0 1 0
118A0,71840,𑢠,4,240 145 162 160,118C0,71872,𑣀,4,240 145 163 128,32,0 0 1 -32
118A1,71841,𑢡,4,240 145 162 161,118C1,71873,𑣁,4,240 145 163 129,32,0 0 1 -32
118A2,71842,𑢢,4,240 145 162 162,118C2,71874,𑣂,4,240 145 163 130,32,0 0 1 -32
118A3,71843,𑢣,4,240 145 162 163,118C3,71875,𑣃,4,240 145 163 131,32,0 0 1 -32
118A4,71844,𑢤,4,240 145 162 164,118C4,71876,𑣄,4,240 145 163 132,32,0 0 1 -32
118A5,71845,𑢥,4,240 145 162 165,118C5,71877,𑣅,4,240 145 163 133,32,0 0 1 -32
118A6,71846,𑢦,4,240 145 162 166,118C6,71878,𑣆,4,240 145 163 134,32,0 0 1 -32
118A7,71847,𑢧,4,240 145 162 167,118C7,71879,𑣇,4,240 145 163 135,32,0 0 1 -32
118A8,71848,𑢨,4,240 145 162 168,118C8,71880,𑣈,4,240 145 163 136,32,0 0 1 -32
118A9,71849,𑢩,4,240 145 162 169,118C9,71881,𑣉,4,240 145 163 137,32,0 0 1 -32
118AA,71850,𑢪,4,240 145 162 170,118CA,71882,𑣊,4,240 145 163 138,32,0 0 1 -32
118AB,71851,𑢫,4,240 145 162 171,118CB,71883,𑣋,4,240 145 163 139,32,0 0 1 -32
118AC,71852,𑢬,4,240 145 162 172,118CC,71884,𑣌,4,240 145 163 140,32,0 0 1 -32
118AD,71853,𑢭,4,240 145 162 173,118CD,71885,𑣍,4,240 145 163 141,32,0 0 1 -32
118AE,71854,𑢮,4,240 145 162 174,118CE,71886,𑣎,4,240 145 163 142,32,0 0 1 -32
118AF,71855,𑢯,4,240 145 162 175,118CF,71887,𑣏,4,240 145 163 143,32,0 0 1 -32
118B0,71856,𑢰,4,240 145 162 176,118D0,71888,𑣐,4,240 145 163 144,32,0 0 1 -32
118B1,71857,𑢱,4,240 145 162 177,118D1,71889,𑣑,4,240 145 163 145,32,0 0 1 -32
118B2,71858,𑢲,4,240 145 162 178,118D2,71890,𑣒,4,240 145 163 146,32,0 0 1 -32
118B3,71859,𑢳,4,240 145 162 179,118D3,71891,𑣓,4,240 145 163 147,32,0 0 1 -32
118B4,71860,𑢴,4,240 145 162 180,118D4,71892,𑣔,4,240 145 163 148,32,0 0 1 -32
118B5,71861,𑢵,4,240 145 162 181,118D5,71893,𑣕,4,240 145 163 149,32,0 0 1 -32
118B6,71862,𑢶,4,240 145 162 182,118D6,71894,𑣖,4,240 145 163 150,32,0 0 1 -32
118B7,71863,𑢷,4,240 145 162 183,118D7,71895,𑣗,4,240 145 163 151,32,0 0 1 -32
118B8,71864,𑢸,4,240 145 162 184,118D8,71896,𑣘,4,240 145 163 152,32,0 0 1 -32
118B9,71865,𑢹,4,240 145 162 185,118D9,71897,𑣙,4,240 145 163 153,32,0 0 1 -32
118BA,71866,𑢺,4,240 145 162 186,118DA,71898,𑣚,4,240 145 163 154,32,0 0 1 -32
118BB,71867,𑢻,4,240 145 162 187,118DB,71899,𑣛,4,240 145 163 155,32,0 0 1 -32
118BC,71868,𑢼,4,240 145 162 188,118DC,71900,𑣜,4,240 145 163 156,32,0 0 1 -32
118BD,71869,𑢽,4,240 145 162 189,118DD,71901,𑣝,4,240 145 163 157,32,0 0 1 -32
118BE,71870,𑢾,4,240 145 162 190,118DE,71902,𑣞,4,240 145 163 158,32,0 0 1 -32
118BF,71871,𑢿,4,240 145 162 191,118DF,71903,𑣟,4,240 145 163 159,32,0 0 1 -32
16E40,93760,𖹀,4,240 150 185 128,16E60,93792,𖹠,4,240 150 185 160,32,0 0 0 32
16E41,93761,𖹁,4,240 150 185 129,16E61,93793,𖹡,4,240 150 185 161,32,0 0 0 32
16E42,93762,𖹂,4,240 150 185 130,16E62,93794,𖹢,4,240 150 185 162,32,0 0 0 32
16E43,93763,𖹃,4,240 150 185 131,16E63,93795,𖹣,4,240 150 185 163,32,0 0 0 32
16E44,93764,𖹄,4,240 150 185 132,16E64,93796,𖹤,4,240 150 185 164,32,0 0 0 32
16E45,93765,𖹅,4,240 150 185 133,16E65,93797,𖹥,4,240 150 185 165,32,0 0 0 32
16E46,93766,𖹆,4,240 150 185 134,16E66,93798,𖹦,4,240 150 185 166,32,0 0 0 32
16E47,93767,𖹇,4,240 150 185 135,16E67,93799,𖹧,4,240 150 185 167,32,0 0 0 32
16E48,93768,𖹈,4,240 150 185 136,16E68,93800,𖹨,4,240 150 185 168,32,0 0 0 32
16E49,93769,𖹉,4,240 150 185 137,16E69,93801,𖹩,4,240 150 185 169,32,0 0 0 32
16E4A,93770,𖹊,4,240 150 185 138,16E6A,93802,𖹪,4,240 150 185 170,32,0 0 0 32
16E4B,93771,𖹋,4,240 150 185 139,16E6B,93803,𖹫,4,240 150 185 171,32,0 0 0 32
16E4C,93772,𖹌,4,240 150 185 140,16E6C,93804,𖹬,4,240 150 185 172,32,0 0 0 32
16E4D,93773,𖹍,4,240 150 185 141,16E6D,93805,𖹭,4,240 150 185 173,32,0 0 0 32
16E4E,93774,𖹎,4,240 150 185 142,16E6E,93806,𖹮,4,240 150 185 174,32,0 0 0 32
16E4F,93775,𖹏,4,240 150 185 143,16E6F,93807,𖹯,4,240 150 185 175,32,0 0 0 32
16E50,93776,𖹐,4,240 150 185 144,16E70,93808,𖹰,4,240 150 185 176,32,0 0 0 32
16E51,93777,𖹑,4,240 150 185 145,16E71,93809,𖹱,4,240 150 185 177,32,0 0 0 32
16E52,93778,𖹒,4,240 150 185 146,16E72,93810,𖹲,4,240 150 185 178,32,0 0 0 32
16E53,93779,𖹓,4,240 150 185 147,16E73,93811,𖹳,4,240 150 185 179,32,0 0 0 32
16E54,93780,𖹔,4,240 150 185 148,16E74,93812,𖹴,4,240 150 185 180,32,0 0 0 32
16E55,93781,𖹕,4,240 150 185 149,16E75,93813,𖹵,4,240 150 185 181,32,0 0 0 32
16E56,93782,𖹖,4,240 150 185 150,16E76,93814,𖹶,4,240 150 185 182,32,0 0 0 32
16E57,93783,𖹗,4,240 150 185 151,16E77,93815,𖹷,4,240 150 185 183,32,0 0 0 32
16E58,93784,𖹘,4,240 150 185 152,16E78,93816,𖹸,4,240 150 185 184,32,0 0 0 32
16E59,93785,𖹙,4,240 150 185 153,16E79,93817,𖹹,4,240 150 185 185,32,0 0 0 32
16E5A,93786,𖹚,4,240 150 185 154,16E7A,93818,𖹺,4,240 150 185 186,32,0 0 0 32
16E5B,93787,𖹛,4,240 150 185 155,16E7B,93819,𖹻,4,240 150 185 187,32,0 0 0 32
16E5C,93788,𖹜,4,240 150 185 156,16E7C,93820,𖹼,4,240 150 185 188,32,0 0 0 32
16E5D,93789,𖹝,4,240 150 185 157,16E7D,93821,𖹽,4,240 150 185 189,32,0 0 0 32
16E5E,93790,𖹞,4,240 150 185 158,16E7E,93822,𖹾,4,240 150 185 190,32,0 0 0 32
16E5F,93791,𖹟,4,240 150 185 159,16E7F,93823,𖹿,4,240 150 185 191,32,0 0 0 32
1E900,125184,𞤀,4,240 158 164 128,1E922,125218,𞤢,4,240 158 164 162,34,0 0 0 34
1E901,125185,𞤁,4,240 158 164 129,1E923,125219,𞤣,4,240 158 164 163,34,0 0 0 34
1E902,125186,𞤂,4,240 158 164 130,1E924,125220,𞤤,4,240 158 164 164,34,0 0 0 34
1E903,125187,𞤃,4,240 158 164 131,1E925,125221,𞤥,4,240 158 164 165,34,0 0 0 34
1E904,125188,𞤄,4,240 158 164 132,1E926,125222,𞤦,4,240 158 164 166,34,0 0 0 34
1E905,125189,𞤅,4,240 158 164 133,1E927,125223,𞤧,4,240 158 164 167,34,0 0 0 34
1E906,125190,𞤆,4,240 158 164 134,1E928,125224,𞤨,4,240 158 164 168,34,0 0 0 34
1E907,125191,𞤇,4,240 158 164 135,1E929,125225,𞤩,4,240 158 164 169,34,0 0 0 34
1E908,125192,𞤈,4,240 158 164 136,1E92A,125226,𞤪,4,240 158 164 170,34,0 0 0 34
1E909,125193,𞤉,4,240 158 164 137,1E92B,125227,𞤫,4,240 158 164 171,34,0 0 0 34
1E90A,125194,𞤊,4,240 158 164 138,1E92C,125228,𞤬,4,240 158 164 172,34,0 0 0 34
1E90B,125195,𞤋,4,240 158 164 139,1E92D,125229,𞤭,4,240 158 164 173,34,0 0 0 34
1E90C,125196,𞤌,4,240 158 164 140,1E92E,125230,𞤮,4,240 158 164 174,34,0 0 0 34
1E90D,125197,𞤍,4,240 158 164 141,1E92F,125231,𞤯,4,240 158 164 175,34,0 0 0 34
1E90E,125198,𞤎,4,240 158 164 142,1E930,125232,𞤰,4,240 158 164 176,34,0 0 0 34
1E90F,125199,𞤏,4,240 158 164 143,1E931,125233,𞤱,4,240 158 164 177,34,0 0 0 34
1E910,125200,𞤐,4,240 158 164 144,1E932,125234,𞤲,4,240 158 164 178,34,0 0 0 34
1E911,125201,𞤑,4,240 158 164 145,1E933,125235,𞤳,4,240 158 164 179,34,0 0 0 34
1E912,125202,𞤒,4,240 158 164 146,1E934,125236,𞤴,4,240 158 164 180,34,0 0 0 34
1E913,125203,𞤓,4,240 158 164 147,1E935,125237,𞤵,4,240 158 164 181,34,0 0 0 34
1E914,125204,𞤔,4,240 158 164 148,1E936,125238,𞤶,4,240 158 164 182,34,0 0 0 34
1E915,125205,𞤕,4,240 158 164 149,1E937,125239,𞤷,4,240 158 164 183,34,0 0 0 34
1E916,125206,𞤖,4,240 158 164 150,1E938,125240,𞤸,4,240 158 164 184,34,0 0 0 34
1E917,125207,𞤗,4,240 158 164 151,1E939,125241,𞤹,4,240 158 164 185,34,0 0 0 34
1E918,125208,𞤘,4,240 158 164 152,1E93A,125242,𞤺,4,240 158 164 186,34,0 0 0 34
1E919,125209,𞤙,4,240 158 164 153,1E93B,125243,𞤻,4,240 158 164 187,34,0 0 0 34
1E91A,125210,𞤚,4,240 158 164 154,1E93C,125244,𞤼,4,240 158 164 188,34,0 0 0 34
1E91B,125211,𞤛,4,240 158 164 155,1E93D,125245,𞤽,4,240 158 164 189,34,0 0 0 34
1E91C,125212,𞤜,4,240 158 164 156,1E93E,125246,𞤾,4,240 158 164 190,34,0 0 0 34
1E91D,125213,𞤝,4,240 158 164 157,1E93F,125247,𞤿,4,240 158 164 191,34,0 0 0 34
1E91E,125214,𞤞,4,240 158 164 158,1E940,125248,𞥀,4,240 158 165 128,34,0 0 1 -30
1E91F,125215,𞤟,4,240 158 164 159,1E941,125249,𞥁,4,240 158 165 129,34,0 0 1 -30
1E920,125216,𞤠,4,240 158 164 160,1E942,125250,𞥂,4,240 158 165 130,34,0 0 1 -30
1E921,125217,𞤡,4,240 158 164 161,1E943,125251,𞥃,4,240 158 165 131,34,0 0 1 -30
